Start Date,End Date,Trigger Words,Tweet Count,Tweet0,Tweet0 Timestamp,Tweet1,Tweet1 Timestamp,Tweet2,Tweet2 Timestamp,Tweet3,Tweet3 Timestamp,Tweet4,Tweet4 Timestamp,Tweet5,Tweet5 Timestamp,Tweet6,Tweet6 Timestamp,Tweet7,Tweet7 Timestamp,Tweet8,Tweet8 Timestamp,Tweet9,Tweet9 Timestamp,Tweet10,Tweet10 Timestamp
12/02/2019,19/02/2019,"['watch', 'love', 'art']",1,"""Theyâ€™ve all used their lives &amp; art to propel conversation and culture forward. @BetoORourke @MichaelB4Jordan #BradleyCooper @MelindaGates @Lisa_M_Borders. I loved talking with them - The energy was powerful &amp; positive! Watch a very special hour. #SuperSoulConversations Tom 8p|7c https://t.co/oRnJEKAQ0R""",2019-02-15 17:38:00,,,,,,,,,,,,,,,,,,,,
20/02/2019,27/02/2019,"['watch', 'time', 'good', 'god']",1,"""In tears watching @ReginaKing. Such an authentic acceptance. Bravo to you! and Amen, God IS good all the time! #Oscars""",2019-02-25 01:16:00,,,,,,,,,,,,,,,,,,,,
28/02/2019,15/03/2019,['honor'],1,""". @aliciakeys has navigated the spotlight and pressures of fame while retaining a humble and beautiful spirit. I am honored she chose to share her personal story #MoreMyself through my imprint. You can read it on 11/5 and it's available for pre-order now. https://t.co/4rGNnKL8Vx https://t.co/dhVE4USAeg""",2019-03-13 17:15:00,,,,,,,,,,,,,,,,,,,,
16/03/2019,31/03/2019,"['hope', 'friend', 'god', 'fall']",4,"""Hey @RitaWilson I just listened to
your new single https://t.co/yPSXzF4L2I. Had meğŸ˜¢, itâ€™s so beautiful. You have a new album and a new â­ï¸ on the Hollywood Walk of Fame the same day?! Godâ€™s smiling at you. Brava! Brava! my friend. Enjoy every minute tomorrow!""",2019-03-28 23:21:00,"""Hope you enjoy my new book.
Great for graduatesğŸ“trying to figure out whatâ€™s next.. or anyone whoâ€™s questioning or needs reassurance on the Path youâ€™re on now. Order here: https://t.co/nTsc10mPZH #ThePathMadeClear https://t.co/h8CgphB7WR""",2019-03-26 21:25:00,"""Thereâ€™s never been a moment quite like this one. We have this unique opportunity to rise to our best selves in how we use our technology. Apple TV+ launches this fall. See you there. https://t.co/SQ8x9rOqsX""",2019-03-26 02:00:00,"""Iâ€™m partnering with @tim_cook and @Apple to leave this world a little bit smarter, kinder, and better than we found it. Apple TV Plus launches this Fall. #AppleEvent https://t.co/14fkoi1sU7""",2019-03-25 22:43:00,,,,,,,,,,,,,,
01/04/2019,16/04/2019,"['watch', 'time', 'hope', 'proud', 'delight']",4,"""So Proud of you @GayleKing! And you @ava for capturing the spirit of her in your words. #Time100 https://t.co/L9rAY9wTVW""",2019-04-17 12:55:00,"""My first time doing @thedailyshow and I walked into this surprise from @trevornoah! Tune in tonight at 11 PM. https://t.co/Ve5NoPXeqR""",2019-04-11 00:25:00,"""Delighted to be partnering with Prince Harry. Hope we shed a lot of Light. And change some lives! https://t.co/tKGMhIlJpL""",2019-04-10 20:40:00,"""Sitting by my tv waiting to watch this tonight. So important to understand our history. Thanks @HenryLouisGates for always reminding us. #knowyourhistory https://t.co/bkToInhX6F""",2019-04-09 23:53:00,,,,,,,,,,,,,,
17/04/2019,10/05/2019,"['hope', 'good', 'time']",1,"""O, Canada! Iâ€™m so excited to be coming back on tour for The Path Made Clear. I had such a good time last time I was there but it was so cold I couldnâ€™t actually experience Canadaâ€¦so Iâ€™ll be back in June. I hope to see you there! https://t.co/OlTn1jBbDM""",2019-05-03 19:57:00,,,,,,,,,,,,,,,,,,,,
11/05/2019,18/05/2019,"['love', 'time', 'good', 'friend']",2,"""I loved hearing @nytdavidbrooksâ€™ aha moment: Do you have weekday friends or weekend friends? SuperSoulers, youâ€™re not going to want to miss my conversation with the best-selling authorâ€”tomorrow at 11am on @SuperSoulSunday. https://t.co/MWZVpK9eaw""",2019-05-18 17:49:00,"""Congratulations to the cast of @TootsieMusical , @ssandersprods I was  LOL most of the night. ğŸ˜‚ğŸ˜‚Still humming the show tunes. Such good writing and timing! Bravo on your 11 Tony nominations. I now see whyğŸ‘ğŸ½ğŸ‘ğŸ½ğŸ‘ğŸ½  @bruglikas thanks for photo https://t.co/aMD7xd6ig5""",2019-05-15 03:57:00,,,,,,,,,,,,,,,,,,
19/05/2019,03/06/2019,"['watch', 'hope', 'proud', 'love', 'friend', 'delight', 'father', 'crime', 'cheer']",6,"""What about this scene? @NiecyNash you killed it with @msisisking. If you havenâ€™t seen #WhenTheySeeUs yet, pls do. &amp; for everyone who says itâ€™s â€œhard to watch,â€ think about the people who still find it â€œhard to live.â€ All those families impacted! So proud of my sister friend @ava! https://t.co/BMpRHoy1Ri""",2019-06-03 19:29:00,"""SuperSoulers, I spoke with one of the most influential speakers in the world. Weâ€™re back with another NEW episode with Theologian and Author Father Richard Rohr talking about the Universal Christ â€“ tomorrow at 11a. https://t.co/RXBoyHhhbC""",2019-06-01 22:24:00,"""The @IyanlaVanzant you know and love is BACK tomorrow night ğŸ˜…ğŸ‘€ https://t.co/lGu1uDO5Ud""",2019-05-31 21:25:00,"""Last week I went to the premiere of #WhenTheySeeUs, and let me tell you...@avaâ€™s done it again. The compelling story of five Black and Latino teenagers wrongly convicted of a crime they did not commit is a story that must be seen. Hope you stream it today on @netflix. https://t.co/QwF10xT9N4""",2019-05-31 15:17:00,"""I remember when John Chester was doing heartwarming short films for @SuperSoulSunday about Emma the ğŸ·. Now heâ€™s made a an entire delightful movie. In theaters this weekend. #BiggestLittleFarm https://t.co/hbLN72zn9v""",2019-05-31 03:47:00,"""Loved this moment so muchğŸ‘ğŸ¾ğŸ‘ğŸ¾ğŸ˜­ğŸ˜­! Stood up and cheered in my living room. #KodiLee #AmericasGotTalent https://t.co/oRRAbH3mO0""",2019-05-29 02:38:00,,,,,,,,,,
04/06/2019,11/06/2019,"['time', 'good', 'watch', 'kick', 'fun']",3,"""For everyone who feels @WhenTheySeeUs is hard to watch. Hear this! My interview with the real-life men airs this Wednesday 6/12 at 10p on @OWNTV and @netflix. #WhenTheySeeUs https://t.co/5adqFL9Bw8""",2019-06-10 23:31:00,"""No matter where you are on your wellness journey, kicking off your day with one healthy habit can go a long way. If you need inspiration, join our sunrise party going on right NOW on @ww_usâ€™ FB. All proceeds from the party go to WW Good #GlobalWellnessDay #OWandWW https://t.co/AlOCnr6XXS""",2019-06-08 13:41:00,"""I was in LOL mode many times watching â¦@LateNightMovieâ©. â¦@mindykalingâ© I remember you writing while we were shooting Wrinkle. Beautiful job, SisğŸ‘ğŸ½ğŸ‘ğŸ½.  Emma is on point perfection. So fun and entertaining . Bravo. Bravo!! https://t.co/cNfbqemGYm""",2019-06-07 16:56:00,,,,,,,,,,,,,,,,
12/06/2019,19/06/2019,"['good', 'watch', 'kick', 'thought', 'trust', 'betray', 'freedom', 'tree', 'save']",10,"""Thank yâ€™all for watching and trending with us. Congratulations @willpowerpacker, Cast   and every crew member!ğŸ‘ğŸ½ğŸ‘ğŸ½ ğŸ‘ğŸ½#Ambitions""",2019-06-19 03:03:00,"""@DrLecia1 Exactly what I thought when @willpowerpacker showed me the first cut. Was hard to keep track of all the body parts!#Ambitions""",2019-06-19 03:01:00,"""@Just1cherries Could tou ever trust again , someone who did that? Power to precious for him to let it go tho.#Ambitions""",2019-06-19 02:59:00,"""@RichOnOWN Good for u Rich! #AMBITIONS""",2019-06-19 02:29:00,"""Watching from O Canada! https://t.co/TSaB4F54Vy""",2019-06-19 02:10:00,"""Dr. Edith Eger is 91 &amp; still kicking ğŸ’ƒğŸ¾ I recommend her book â€œThe Choice: Embrace The Possibleâ€ to every human. Itâ€™s about surviving the Holocaust &amp; how YOU can release yourself from the trauma of whatever is going on in your life. Our @SuperSoulSunday airs tomorrow at 11a. https://t.co/sk3JOIYVMR""",2019-06-15 21:08:00,"""@flawlessmi Isnâ€™t family betrayal the worst and the deepest cut #QueenSugar""",2019-06-13 01:52:00,"""@QueenSugarOWN Knew it was coming , teared up anyway. @kofi  What freedom feels like! #QueenSugar""",2019-06-13 01:13:00,"""Nothing makes me happier than a stack of these , a blanket under a shady tree. Bring it on! #SummerReading https://t.co/vSprvVNMLU""",2019-06-12 23:48:00,"""@SamEastOnAir @oprahmagazine @ariannagdavis Hey Sam! Come see me in Montreal. Iâ€™ll save a seat for you ğŸ‡¨ğŸ‡¦""",2019-06-12 21:19:00,,
20/06/2019,05/07/2019,"['proud', 'love', 'fun', 'evil']",4,"""@demetriannaaa She really has stepped into this with gusto, this evil thing. Fun to play right @Angelarobschild ?""",2019-07-03 01:18:00,"""@ccurlyn Agree.. if u have to ask â€œwould you love me if I was brokeâ€.. she knows the answer! #HaveandHaveNots #HaHn""",2019-07-03 01:15:00,"""@MsReneeLawless @OWNTV Would you love me if I was broke... me donâ€™t think so!""",2019-07-03 01:13:00,"""Did yâ€™all see that soccer game today? So proud of the USA Womenâ€™s National Soccer team! ğŸ‡ºğŸ‡¸ğŸ‡ºğŸ‡¸ğŸ‡ºğŸ‡¸ @USWNT https://t.co/h94JKAdtgU""",2019-06-29 01:32:00,,,,,,,,,,,,,,
06/07/2019,13/07/2019,"['hope', 'proud']",2,"""Hi there Jack, Access to the road was given to county officials immediately. This was many hours ago. Hoping for the safety of all. ğŸ™ğŸ¾ https://t.co/BxsPNUkkJC""",2019-07-12 04:56:00,"""# USWomensSoccerTeam So proud gonna wear my shirt all day and sleep in it tonight!ğŸ‡ºğŸ‡¸ğŸ‡ºğŸ‡¸ğŸ‡ºğŸ‡¸ğŸ‡ºğŸ‡¸""",2019-07-07 23:11:00,,,,,,,,,,,,,,,,,,
14/07/2019,29/07/2019,"['time', 'proud']",1,"""Isnâ€™t this a beautiful sight? Since @QueenSugarOWN premiered in 2016, weâ€™ve hired 35 female directors! And for 32 of those directors, it was their FIRST time directing a TV show. So proud of the work weâ€™re doing over at @OWNTV. Thank you @ava for leading the charge! https://t.co/4xjMqMm0Tk""",2019-07-24 14:50:00,,,,,,,,,,,,,,,,,,,,
30/07/2019,06/08/2019,['watch'],1,"""@TheChicTiff I get to read the scripts and watch ahead. But I chose this season not to.I think @ava and team have found the best groove. I like watching with yâ€™ all. #GimmeSugar #QueenSugar""",2019-08-01 01:33:00,,,,,,,,,,,,,,,,,,,,
07/08/2019,14/08/2019,"['time', 'love', 'truth', 'god', 'good', 'watch', 'child', 'hug']",9,"""Thanks for watching tonight. This powerful story comes from the creative and inspired mind of @octarell #DavidMakesMan https://t.co/pvNaDhZeUu""",2019-08-15 03:37:00,"""Love this moment when he wishes he could just hug his mom. But canâ€™t! #DavidMakesMan https://t.co/QHz0jRWG0L""",2019-08-15 02:56:00,"""@MrErnestOwens @AkiliMcDowel @davidmakesman Ernest good to see you in the Twitterverse. #DavidMakeMan""",2019-08-15 02:15:00,"""Agree with you @DeadlineDominic... â€œOn a busy, busy week, #DavidMakesMan is NOT to be missed and clearly the show you have to watch this week.â€ Getting ready for the tweetfest at 10|9c https://t.co/sQIMfV8b4v""",2019-08-15 00:12:00,"""How many stories did you grow up watching that were centered around a black boyâ€™s experience? There are so few. Thatâ€™s why when @octarell  pitched @davidmakesman to me, I had to listenâ€”and it was the best pitch I ever heard. Watch tomorrow 8/14 at 10|9c on @OWNTV #DavidMakesMan https://t.co/y7gGao6I58""",2019-08-13 23:21:00,"""""When a child walks into the room, does your face light up?"" In memory of legendary author Toni Morrison, we are airing â€œThe Oprah Winfrey Show: Toni Morrisonâ€ episode from 2000 on Saturday, at 8|7c &amp; Facebook Livestreaming it Sunday, 11a ET | 8a PT. https://t.co/6aMdRIp80L""",2019-08-09 20:00:00,"""Looking for a good movie this weekend? Check this one out: @brianbanksmovie Worth your time. Happy to know you hung in there and fought for your truth #BrianBanksMovie https://t.co/8JGTkaFia9""",2019-08-09 15:31:00,"""Loving Vyâ€™s prayer.. is what Maya always taught me.. when the crisis comes say â€œThank YOU, I know you got meâ€!#QueenSguar""",2019-08-08 04:35:00,"""For our September friendship issue, @Oprah reflected on more than 40 years knowing @GayleKing: ""I believe God put the two of us in each otherâ€™s paths to do exactly what weâ€™ve been doing since that night in Baltimore when I was 22 and she was 21."" https://t.co/F1VbpHRHH0""",2019-08-07 18:24:00,,,,
15/08/2019,22/08/2019,"['watch', 'truth', 'joy', 'art', 'heal', 'rage', 'child']",7,"""@SparksAnthony What an incredible way to offer your talent. This season speaks to your Service thru  Art.
So grateful to you, @ava and the entire #QueenSugar team. Bravo Bravo!ğŸ‘ğŸ½ğŸ‘ğŸ½""",2019-08-22 04:30:00,"""@iamaniesia This is what I look like right now I am  my own crying Gif watching. #QueenSugar""",2019-08-22 02:02:00,"""@OOOhTwit Or how about getting whipped as a child and then told â€œyou better stop that cryinâ€™ and put that lip inâ€! #QueenSugarTalks""",2019-08-22 00:51:00,"""@avaduvernayfans You are so right. Straight up child abuse, is happening daily at the border. And no matter what happens next, those children are changed forever because of it. #QueenSugarTALKS""",2019-08-21 23:29:00,"""The most powerful lesson I ever heard on Trauma came from @IyanlaVanzant â€ Until you heal the wounds of your past, you will continue to bleed.â€Thatâ€™s what weâ€™re witnessing even when we donâ€™t recognize it. Folks bleeding out thru, drugs, alcohol, rage, et all! #QueenSugarTalks""",2019-08-21 23:01:00,"""This was one of my favorite moments because it speaks volumes of truth about all trauma. #QueenSugarTALKS https://t.co/ttNkDxtEHk""",2019-08-21 22:39:00,"""Couldnâ€™t wait to wake up and get started on the   #1619Project. @nhannahjones and @NYTmag  colleagues. I stand in tearful, joyful, thankful applause for this profound offering to our Culture and our Nation.  Take your bows yâ€™all.""",2019-08-18 22:47:00,,,,,,,,
23/08/2019,07/09/2019,"['hope', 'triumph']",1,"""Have plans for 2020? How about joining me on the road for #Oprahs2020VisionTour! My hope is for this wellness event to help make 2020 your year of transformation &amp; triumph. Head to https://t.co/k564BiAQfV for more info on tickets &amp; join the party! ğŸ’ƒğŸ¾ğŸ’ƒğŸ¾ğŸ’ƒğŸ¾ #OWandWW https://t.co/0cS66KRe0w""",2019-09-04 12:53:00,,,,,,,,,,,,,,,,,,,,
08/09/2019,15/09/2019,"['time', 'love', 'thought', 'triumph']",3,"""Itâ€™ll also be available on Facebook tomorrow 9/15 and through our @SuperSoulSunday podcast on Wednesday 9/18. Really worth your time.""",2019-09-14 15:21:00,"""Malcolm @Gladwellâ€™s new book Talking to Strangers will have you saying hmmm interesting ğŸ¤” in every chapter. He once again brings a new perspective to subjects weâ€™ve all thought about. I invited him over for a @SuperSoulSunday convo which airs tomorrow 9/15 at 11a on @OWNTV! https://t.co/84nHDkKhPo""",2019-09-14 15:19:00,"""Tickets for #Oprahs2020VisionTour are officially on sale TODAY! Bring along your Gayle, your siblings, your parents, your colleagues, and your loved ones so we can all collectively make 2020 the year of transformation and triumph. Click here for tickets: https://t.co/OlTn1jBbDM https://t.co/6s6UyOsRKv""",2019-09-13 14:07:00,,,,,,,,,,,,,,,,
16/09/2019,23/09/2019,"['love', 'joy', 'thrill', 'good']",5,"""Thanks for making The Water Dancer by Ta-Nehisi Coates ALREADY #1! I applaud your good taste. Iâ€™ll be checking your comments at @oprahsbookclub for when you finish the first part. Youâ€™ll want to talk to me. ğŸ“š #ReadwithUs https://t.co/cTqtqKiFWs""",2019-09-24 13:13:00,"""A good book can open your mind and take you on a journey you never expected. Excited to partner with @Oprahâ€™s Book Club to celebrate the worldâ€™s most amazing authors â€” and the joy of reading! Starting with The Water Dancer by the incredible Ta-Nehisi Coates. https://t.co/DOpVY1svOY""",2019-09-23 19:59:00,"""Iâ€™m reading this powerful book. How many of you will join me? I love a good read. 
@oprahsbookclub #ReadWithUs https://t.co/yw0oLjYDbV""",2019-09-23 14:45:00,"""The only thing more thrilling than being captivated by a book is being able to share it with others. Which is why Iâ€™m excited to bring @oprahsbookclub to @apple starting TODAY! My first pick, The Water Dancer by the brilliant Ta-Nehisi Coates. It will enthrall you. #ReadwithUs https://t.co/DG99kTKrWu""",2019-09-23 12:50:00,"""Loving this conversation. #BlackWomenOWN""",2019-09-18 03:37:00,,,,,,,,,,,,
24/09/2019,01/10/2019,"['time', 'watch', 'assault']",4,"""Watch our @SuperSoulSunday conversation this Sunday 9/29 at 11|10c on @OWNTV and Facebook. Or listen to the podcast â€œSuperSoul Conversationsâ€ this Wednesday 10/2.""",2019-09-28 21:53:00,"""This was right after my insightful interview with Chanel Miller. The world knew her as Emily Doe who was sexually assaulted on the Stanford University campus. In her memoir, â€œKnow My Name,â€ she shares the aftermath of the assault and trial that followed. https://t.co/foC1F1V227""",2019-09-28 21:52:00,"""Watch my conversation with Walt Disney CEO Bob Iger on @SuperSoulSunday this Sunday 9/29 at 12|11c on @OWNTV and Facebook. Or listen to the podcast â€œSuperSoul Conversationsâ€ this Wednesday 10/2.""",2019-09-28 14:17:00,"""In the time it takes you to fry an egg, put on your gym shoes, or watch this clip you can instantly download a copy of my @oprahsbookclub pick on your phone or iPad. Itâ€™s that easy! Get The Water Dancer here: https://t.co/FPv4e94BPg Canâ€™t wait to talk to you about it. https://t.co/YZeeTdTaUp""",2019-09-24 22:53:00,,,,,,,,,,,,,,
02/10/2019,09/10/2019,"['watch', 'love', 'hope', 'joy', 'heal', 'gun', 'mystic', 'honor']",6,"""Thank you @people for my story &amp; the story of other women we know (&amp; should know) who are making an impact around the world. Women like @Nelba_MG (supporting survivors of gun trauma), @TherealTaraji (ending the stigma of mental illness), &amp; many more. #WomenChangingTheWorld https://t.co/H8kv8oJgwh""",2019-10-09 15:21:00,"""Spent a day marinating in black excellence with these gorgeous, promising, young men at @Morehouse. They honored me with roses, a song, and a portrait for a scholarship fund I set up 30 years ago. Canâ€™t wait to see what they do with their future. https://t.co/o28hWkdC7w""",2019-10-08 13:38:00,"""And thank you for the naming of the soundstages. I love mine. @tylerperry https://t.co/RqYaVqNsmk""",2019-10-07 19:00:00,""". @tylerperry you built a studio, and youâ€™ve also created a dream of hope and possibility for everyone to know that no matter who you are or where you come from, you can always do better when youâ€™re aligned with the Divine. #GloryToGlory #ImagineThis https://t.co/6lb3NKN3Ly""",2019-10-07 18:59:00,"""Joy Harjo, Americaâ€™s first Native American Poet laureate, is a mystic with simple yet profound ideas on how we can heal as a nation. Watch our @SuperSoulSunday this Sunday 10/6 at 11|10c on @OWNTV &amp; Facebook. Or listen to the podcast â€œSuperSoul Conversationsâ€ this Wednesday 10/9. https://t.co/eSIWAAPNUu""",2019-10-05 15:33:00,"""Thanks for helping clear the path for me and so many others. I was honored to salute you as a Legend then, now and Forever. #RIPDiahannCarroll https://t.co/UhEPBmsO0Z""",2019-10-04 19:10:00,,,,,,,,,,
10/10/2019,17/10/2019,"['watch', 'hit', 'crash', 'sun']",4,"""Thanks to you all for watching this remarkable, series.. created by @octarell. ğŸ‘ğŸ½ğŸ‘ğŸ½ğŸ‘ğŸ½ğŸ‘ğŸ½""",2019-10-17 02:08:00,"""@octarell The weariness behind the words.. thatâ€™s what hit us.#DavidMakesMan""",2019-10-17 01:51:00,"""@xoIAmG I knnowwww!  Crash the car and act like no big deal. I tried that with my Dad once. Didnâ€™t work.#DavidMakedMan""",2019-10-17 01:07:00,"""This is something we can all do. Wanna join me ? Since reading The OMD Plan by @suzymusing, Iâ€™ve taken up her challenge to eat at least 1 plant-based meal a day. Watch our @SuperSoulSunday this Sun 10/13 at 11|10c on  @OWNTV &amp; Facebook. https://t.co/99aUfAgsRn""",2019-10-12 21:22:00,,,,,,,,,,,,,,
18/10/2019,25/10/2019,"['love', 'proud', 'letter', 'dark']",3,""".@Lupita_Nyongo is black girl magic personified &amp; now sheâ€™s spreading that magic to kids everywhere with her new book â€œSulwe.â€ She came to my house to talk about this love letter to herself &amp; her fateful Oscars night. Our convo airs this Sat 10/26 at 8PM on @owntv #OWNSpotlight https://t.co/a8OCJdsxDL""",2019-10-26 00:50:00,"""I invited @CynthiaEriVo over to my house for a chat and she came dressed &amp; ready to talk about the #HARRIET Tubman film and the controversy. Our interview airs this Sat 10/26 at 8PM on @owntv. She also makes @BarbraStreisand proud ğŸ’…ğŸ¾ #OWNSpotlight https://t.co/XhZ0Irxm8H""",2019-10-25 23:31:00,"""#AskLupita I so enjoyed our convo thatâ€™s airing this Saturday 10/26 on @OWNTV. But I forgot to ask youâ€¦What do you know for sure about being a dark skinned girl? ğŸ‘ğŸ¾""",2019-10-24 18:33:00,,,,,,,,,,,,,,,,
26/10/2019,02/11/2019,"['time', 'good', 'watch', 'love', 'fire']",6,"""What were you thinking when you read the first sentence of The Water Dancer? Find out what Ta-Nehisi was thinking by watching our first episode on @appletv+. Happy streaming! #ReadWithUs https://t.co/WF88Yr7XRW""",2019-11-02 19:25:00,"""For Ta-Nehisi Coatesâ€™ terrific answer, watch my @oprahsbookclub interview on @appletv. Itâ€™s up and streaming now! #ReadWithUs https://t.co/9QmXKam7fY""",2019-11-01 17:39:00,"""Itâ€™s happening! My first @oprahsbookclub discussion with Ta-Nehisi Coates is now live on @appletv. I was so excited to be with MY PEOPLE from all walks of life discussing one thing: our love for this glorious book. ğŸ“š https://t.co/YvkZkVDjUQ""",2019-11-01 13:40:00,"""Moments before I stepped on stage to have my first @oprahsbookclub discussion for The Water Dancer with 234 book club members! I always wanted to share the excitement a good book can bring you. &amp; weâ€™re finally doing it. Stream it tomorrow 11/1 on @AppleTVPlus #ReadWithUs https://t.co/PTAvZJcfdH""",2019-10-31 16:55:00,"""Feeling for all the fire evacuees and responders. Having been thru it a few times, itâ€™s so unsettling even when you get to safety. Praying for PEACE BE STILL with those Santa Ana windsğŸ™ğŸ¾.""",2019-10-30 22:04:00,"""@DevlinHuxtable @GreenleafOWN I heard she found a lover who loves Jazz and sheâ€™s opened a new club in Switzerland. Sheâ€™s pulled a Tina.ğŸ˜‰""",2019-10-30 21:58:00,,,,,,,,,,
03/11/2019,10/11/2019,"['watch', 'time', 'hope', 'holiday', 'gift', 'truth']",4,"""Tis the season for Faaaaaavorite Things 2019! Iâ€™ve been searching all year long for the absolute must-give gifts. Now itâ€™s my hope that these become some of YOUR favorite things. Happy holidays! Get the full list here: https://t.co/33Tt6gjFJA @oprahmagazine #OprahsFavoriteThings https://t.co/9ewEZSCCg0""",2019-11-08 19:17:00,"""Watching TINA on Broadway with @LoveTinaTurner. Nothing like it. ELECTRIFYyyyying! See you at the Tonys @adriennelwarren! #TinaBroadway @TinaBroadway https://t.co/kGCl25FVEH""",2019-11-08 04:28:00,"""Interviewed @ladygaga for the first time almost ten years ago, and here we areâ€¦still having great conversations! Listen to the full interview for @ellemagazine here: https://t.co/rPnds2TaRo https://t.co/skm7mQNrPd""",2019-11-06 18:34:00,"""Charity just got the truth , the whole truth yâ€™all. #Greenleaf""",2019-11-06 03:11:00,,,,,,,,,,,,,,
11/11/2019,18/11/2019,"['hope', 'holiday']",1,"""Weâ€™re getting into the holiday spirit over at @OWNTV! For the next three Fridays, weâ€™ll be premiering a new Christmas movie and my hope is that you enjoy them with your family this season. Tune in tonight at 9 PM on @OWNtv for the first one. Happy holidays! #OWNForTheHoliday https://t.co/mq82cwvVtS""",2019-11-15 22:12:00,,,,,,,,,,,,,,,,,,,,
19/11/2019,26/11/2019,"['hope', 'kick']",1,"""Weâ€™re kicking off 2020 in a big way and I hope to see you there! Follow our new wellness Instagram where youâ€™ll get all the latest updates on #Oprahs2020VisionTour: https://t.co/2o3lr5K0cZ https://t.co/d6F76ojMDE""",2019-11-20 14:04:00,,,,,,,,,,,,,,,,,,,,
27/11/2019,12/12/2019,['holiday'],1,"""Dealing With Holiday Drama? @oprah and @gayleking Have Advice https://t.co/Pd6tQtZGU3""",2019-12-05 16:34:00,,,,,,,,,,,,,,,,,,,,
13/12/2019,05/01/2020,"['watch', 'vision', 'beach', 'kick']",3,"""Watch my full conversation with @ladygaga on my Facebook page this Wednesday 1/8. #BigBiteOfBravery""",2020-01-05 16:58:00,"""Kicking off my day in Fort Lauderdale with a Wellness Beach Walk with Black Girls Run, Latinas Run, Healthy Chicks, and @JennaBushHager! Thank you for waking up early and putting yourself first. ğŸƒğŸ¾â€â™€ï¸ğŸƒğŸ¾â€â™€ï¸ğŸƒğŸ¾â€â™€ï¸See yâ€™all tomorrow at the kickoff to #Oprahs2020VisionTour https://t.co/GSJDCoDE4B""",2020-01-03 15:43:00,"""Fort Lauderdale, Iâ€™m on my way to kick off my @ww_us 2020 Vision Tour in your city! Let me know if you have any questions for @ladygaga and I might just get you an answer this Saturday. Get tickets to join the party: https://t.co/F8xR5l0b9k ğŸ’ƒğŸ¾ğŸ¤#Oprahs2020VisionTour https://t.co/DzNLYv1Ags""",2020-01-02 17:37:00,,,,,,,,,,,,,,,,
06/01/2020,13/01/2020,"['time', 'love', 'kind', 'vision']",4,"""Sheletta love you girl.. I flew out last night. On to warmer territory! Get your family out of the Cold!!ğŸ¥¶ https://t.co/BIluIK8vF0""",2020-01-12 19:47:00,"""This right here.. is a different kind of cold! ğŸ¥¶ğŸ¥¶ğŸ¥¶ Thank you Minnesota. Next time see you in summer #Oprahs2020VisionTour https://t.co/kTvJIFJliv""",2020-01-12 17:59:00,"""You better believe I was going to visit the Mary Tyler Moore statue when I touched down in Minnesota! Thank you for joining me, Tina Fey. Liz Lemon wouldâ€™ve loved this. See yâ€™all tomorrow for the WW 2020 Vision Tour, St. Paul #Oprahs2020VisionTour https://t.co/BvrkQgiiSA""",2020-01-10 21:56:00,"""St. Paul, Iâ€™m bringing the WW 2020 Vision Tour to your city this Saturday 1/11! Let me know if you have any questions for Tina Fey and Iâ€™ll try to get you an answer on stage. Join the party by getting tickets here: https://t.co/F8xR5l0b9k ğŸ’ƒğŸ½ğŸ¬ #Oprahs2020VisionTour https://t.co/b1Ku4jqrB0""",2020-01-09 14:07:00,,,,,,,,,,,,,,
14/01/2020,21/01/2020,"['watch', 'good', 'love', 'friend', 'thought', 'vision', 'fun', 'dirt']",11,"""Our next book club selection is â€œAmerican Dirtâ€ by @jeaninecummins. Itâ€™s a heart-wrenching page-turner, and you wonâ€™t be able to put it down.

Download your copy on @applebooks and #ReadWithUs: https://t.co/w62380H4Lz #AmericanDirt
@Flatironbooks @Oprah https://t.co/v6K23tEyPM""",2020-01-21 13:59:00,"""Best-selling author @jeaninecummins joins @Oprah and @CBSThisMorning live to talk about â€˜American Dirt,â€™ the newest @oprahsbookclub selection. #ReadWithUs https://t.co/CEMuNAUKCB https://t.co/lesnvzUYnR""",2020-01-21 13:52:00,"""Like so many of us, Iâ€™ve read newspaper articles and watched television news stories and seen movies about the plight of families looking for a better life, but this story changed the way I see what it means to be a migrant in a whole new way.""",2020-01-21 13:50:00,"""Hello, fellow book lovers! My next @oprahsbookclub selection is â€œAmerican Dirtâ€ by @jeaninecummins. From the first sentence, I was IN. https://t.co/uonqIa3QRK""",2020-01-21 13:50:00,"""I had to make my first trip to Maine the moment I started reading Elizabeth Stroutâ€™s â€œOlive, Again.â€ So for our @oprahsbookclub discussion, I took some book club members there to discuss the book and have some good olâ€™ lobster rolls ğŸ¦ğŸ“š#ReadWithUs https://t.co/7bpfrr8gpj""",2020-01-19 23:31:00,"""A friend just sent me this...Thanks to all of you who came from near and far to be with us in Charlotte and left with a better vision for 2020! #oprahs2020visiontour https://t.co/4IkZX28oZm""",2020-01-19 16:03:00,"""I heard @amyschumer hadnâ€™t ğŸ’© &amp; I thought it was TMIâ€”but then she told an arena about it &amp; apparently people love to talk about ğŸ’© Amy, thank you so much for spending your Saturday making US laugh &amp; sharing your journey through motherhood, marriage, &amp; yes ğŸ’©#Oprahs2020VisionTour https://t.co/nh6jnyv4iE""",2020-01-18 22:30:00,"""See you soon! Have fun ğŸ’ƒğŸ¾ğŸ’ƒğŸ¾ğŸ’ƒğŸ¾#Oprahs2020VisionTour https://t.co/jg5qtaEYO3""",2020-01-18 13:54:00,"""Charlotte, Iâ€™m headed your way with the WW 2020 Vision Tour this Saturday 1/18! Let me know if you have any questions for @amyschumer and Iâ€™ll see if Iâ€™ll ask it on stage. Join the party here: https://t.co/B35nsuXHrX ğŸ’ƒğŸ¾ğŸ· #Oprahs2020VisionTour https://t.co/cmETnpYrgX""",2020-01-16 18:18:00,"""I make projects that ask you to think about our place in history and in this world. In CHERISH THE DAY, I ask you to think something else: love. How to hold it. How to let it go. How to be in it. How to let it be within you. Debuts on @OWNTV in February.  https://t.co/FPRfBFRqd6""",2020-01-16 17:43:00,"""My conversation with Tina Fey this past Saturday was so much fun. She had 15,000 people ğŸ˜‚ğŸ˜‚ğŸ˜‚. Who knew she was also ALREADY a @ww member? Stream the full conversation here: https://t.co/DvkFOK3QM6 #Oprahs2020VisionTour https://t.co/2Y1YVqQCOV""",2020-01-16 02:03:00
