Start Date,End Date,Trigger Words,Tweet Count,Tweet0,Tweet0 Timestamp,Tweet1,Tweet1 Timestamp,Tweet2,Tweet2 Timestamp,Tweet3,Tweet3 Timestamp,Tweet4,Tweet4 Timestamp,Tweet5,Tweet5 Timestamp,Tweet6,Tweet6 Timestamp,Tweet7,Tweet7 Timestamp,Tweet8,Tweet8 Timestamp,Tweet9,Tweet9 Timestamp,Tweet10,Tweet10 Timestamp,Tweet11,Tweet11 Timestamp,Tweet12,Tweet12 Timestamp,Tweet13,Tweet13 Timestamp,Tweet14,Tweet14 Timestamp,Tweet15,Tweet15 Timestamp,Tweet16,Tweet16 Timestamp,Tweet17,Tweet17 Timestamp,Tweet18,Tweet18 Timestamp
27/01/2019,03/02/2019,"['music', 'watch', 'fun']",3,"""Slow Cooker vs. Instant Pot! Thanks to @JohnLegere and @TMobile for having me for a special #SlowCookerSunday!! Watch it here https://t.co/9PZcUbfn9a #SuperBowl #PAMshuffle #IN!!!!""",2019-02-03 15:38:00,"""That was a blast!! Thanks for the fun. #PAMshuffle #SlowCookerSunday https://t.co/DzRA1tcaKX""",2019-02-01 20:53:00,""".@Danwhitemagic plays musical chairs with Jimmy and @theroots: https://t.co/Atz9UqiBmm https://t.co/75biicUTzz""",2019-02-01 05:41:00,,,,,,,,,,,,,,,,,,,,,,,,,,,,,,,,
04/02/2019,11/02/2019,"['love', 'time', 'friend', 'watch', 'music', 'brother']",8,"""https://t.co/Ll6bksqcXc love this bad ass interview @StephenMerchant gave on @jimmyfallon last night! So surreal @FightingWMyFam""",2019-02-12 17:08:00,"""Tonight! Will Forte (@OrvilleIV), @GiGiHadid, @BlakeMycoskie and a musical performance by @gashi ft. @G_Eazy! Plus, Ew! with @PriyankaChopra! #FallonTonight""",2019-02-12 14:12:00,"""Tonight on the show: @AdamSandler is here, @StephenMerchant stops by, and music from @MetroBoomin ft. @1GunnaGunna! Plus, @BigBird joins and we‚Äôll talk about the amazing work @sesameworkshop is doing! #FallonTonight""",2019-02-11 14:18:00,"""Beat Battle with @RebelWilson!! https://t.co/CWcZfKTLly Great show tonight! Watch on NBC now! #FallonTonight https://t.co/yVpq97yvMW""",2019-02-09 04:34:00,""".@RebelWilson is going head-to-head with @jimmyfallon in an intense game of Beat Battle! Watch now: https://t.co/uR2ced2EHm""",2019-02-09 00:39:00,"""Liam Hemsworth knows he's easily mistaken for his brothers https://t.co/DDxjQ58pY2 https://t.co/sDubddmr2n""",2019-02-07 05:45:00,"""Tonight on the show: @LiamHemsworth, Jessica Williams, @RobGronkowski and music from @ronniemilsap ft. @littlebigtown! #FallonTonight""",2019-02-06 13:57:00,"""It's Hashtags time! Tell us about a song lyric you or a friend misheard and tag it with #MisheardLyrics. Could be on the show!""",2019-02-05 15:03:00,,,,,,,,,,,,,,,,,,,,,,
12/02/2019,19/02/2019,"['love', 'time', 'music', 'watch', 'birthday', 'food']",6,"""Happy Birthday. https://t.co/NCGgA5FDM4""",2019-02-20 02:14:00,"""It‚Äôs Hashtags time - Tag a tweet with #ImproveAMovieWithOneWord and then add or replace one word to a movie title to make it funny or weird. Could be on the show!""",2019-02-19 19:18:00,"""Tonight: Jake Gyllenhaal is here, Jennifer Carpenter (@J2thecarpenter) stops by, and music from @WALKTHEMOONband #FallonTonight""",2019-02-19 15:26:00,"""We love you guys. Thank you for all that you do. https://t.co/FjqyccSvub""",2019-02-16 19:39:00,"""Food or Not Food with @KendallJenner https://t.co/WQie6Oslhy #FallonTonight""",2019-02-15 13:35:00,"""Watch @jimmyfallon nearly belly bump @priyankachopra through a wall during this HILARIOUS installment of ""Ew!"" https://t.co/JW8C8jPbIE""",2019-02-13 14:29:00,,,,,,,,,,,,,,,,,,,,,,,,,,
20/02/2019,27/02/2019,"['time', 'love', 'friend', 'watch', 'fun', 'music', 'honor']",11,"""Tonight: @jes_chastain, @pattonoswalt, @KatyTurNBC and music from @GaryClarkJr! #FallonTonight""",2019-02-28 02:34:00,"""It‚Äôs Hashtags time! Tell us a funny way to ruin a song with one word and tag it with #RuinASongWithOneWord. Could be on the show!""",2019-02-26 19:14:00,"""Tonight on the show: @tylerperry, @Sarah_Hyland, and music from @Weezer! #FallonTonight""",2019-02-26 17:12:00,"""Watch our 5th Anniversary Show tonight!! Tina Fey, Ben Stiller, Robert Irwin, Robert DeNiro and Florida Georgia Line! #FallonTonight #Fallon5 https://t.co/UqYVWGcKIn""",2019-02-26 03:19:00,"""At 10:35, right after 5 On Your Side at 10, it‚Äôs a special behind-the-scenes @FallonTonight in honor of the show‚Äôs fifth anniversary. @JimmyFallon‚Äôs guests: Tina Fey, Ben Stiller (@RedHourBen), @RobertIrwin, Robert De Niro and @FLAGALine!#FallonTonight #NoFlipping""",2019-02-26 02:32:00,"""This will be fun. Happy 5th Anniversary @jimmyfallon @FallonTonight and all my old friends!! https://t.co/JMYwWRA0Sq""",2019-02-26 00:22:00,"""I‚Äôve always loved dominoes as a kid. Not so much the game but the knocking them down part of it. At max I probably had 30 dominoes. Here are thousands... Lily - you are brilliant. Thank you. (Give my best to your dad.) https://t.co/wR5ILhV4Sp""",2019-02-21 20:27:00,"""Congrats on the milestone, @JimmyFallon.¬†

Celebrate with @FallonTonight and watch their insane domino trick. ‚Üí 
https://t.co/aIcEznFiSN https://t.co/R3aDLAzwdJ""",2019-02-21 18:12:00,"""That was so fun last night!! I wasn‚Äôt quite sure if it would happen during the taping or not. I‚Äôm so happy it did. Those are the moments you don‚Äôt forget. Thanks. https://t.co/M88S1RnhKz""",2019-02-21 15:30:00,"""Tonight on the show! @kenjeong is here, @KateUpton stops by, and talk and music from @AndersonPaak! #FallonTonight""",2019-02-21 14:04:00,"""I love you!! Thank you!! 20 million!!""",2019-02-20 23:17:00,,,,,,,,,,,,,,,,
28/02/2019,07/03/2019,"['love', 'time', 'watch', 'fun', 'good', 'brother', 'clock']",6,"""Love this guy. https://t.co/heBSRXkVLi""",2019-03-07 04:15:00,"""People seem to believe that I should have this wooden digital clock. Hmm.  The wood of yore mixed with the tech of the 80‚Äôs. That says something about me, huh. https://t.co/2xjbDocg6T""",2019-03-06 16:30:00,"""Twitter help. I want a clock for my end table. It doesn‚Äôt need to have an alarm - I just would like to know what time it is. And none of that glowing light things. My kids wake me up before I can see that magic happen. Small is fine. I have books next to it that I haven‚Äôt read.""",2019-03-06 15:55:00,"""It started out as kindof a joke. But it builds their confidence and they get hungry for more books!! Good for you for reading. The MAMA one has a few more words. üôÇ https://t.co/t6iQoXUY9P""",2019-03-05 12:10:00,"""Kudos To The Wardrobe Director! Watch @Weezer, @JimmyFallon and @TheRoots cover A-Ha's ""Take On Me"" using classroom instruments https://t.co/9OxguWTYLR""",2019-03-01 16:44:00,"""It was EPIC. I can‚Äôt even get into it. Ha! Miss ya brother. Come back and see us. So fun. https://t.co/z6ccGk2U0x""",2019-03-01 14:50:00,,,,,,,,,,,,,,,,,,,,,,,,,,
08/03/2019,15/03/2019,"['music', 'fun', 'time', 'lie']",4,"""Doing something fun with @TMobile! Share a screenshot of your most awkward text exchanges like your travel or vacation fails, funny group chats, or awkward break-up texts and tag it with #MyAwkwardTexts! Could be featured!!""",2019-03-14 15:04:00,"""I try to get #AvengersEndgame spoilers out of @MarkRuffalo with a lie detector https://t.co/RPHW3VwMna #FallonTonight""",2019-03-14 13:25:00,"""Tonight!! Keira Knightley is here, Jon Glaser stops by, and music from @TheChainsmokers &amp; @5SOS! #FallonTonight""",2019-03-12 15:10:00,"""It‚Äôs Hashtags time! Share a funny or weird story about a time you had bad luck and tag it with #MyBadLuck. Could be on the show!""",2019-03-11 19:19:00,,,,,,,,,,,,,,,,,,,,,,,,,,,,,,
16/03/2019,23/03/2019,"['love', 'time', 'music', 'birthday', 'lie', 'saint', 'mountain']",7,"""Box of Lies with @OfficialJLD! https://t.co/8EMB8aBQhP #FallonTonight""",2019-03-22 16:29:00,"""What a team you‚Äôve got? Loved them. Crush it on Saturday. CRUSH!! https://t.co/YVBl8IBsqW""",2019-03-21 17:22:00,"""Saint Louis to the Sweet 16?
Oregon to the Elite 8?

@jimmyfallon's bracket is locked in! What do you think? #MarchMadness https://t.co/eV4Mkz26VW""",2019-03-20 18:30:00,"""Great performance last night from @findingfletcher. It was her TV debut AND her birthday! She crushed it!! 
https://t.co/TQ02Gs5K2B #FallonTonight""",2019-03-20 15:30:00,"""Our Toro Verde Adventure Park and its ""El Monstruo"" zipline is no joke. Adrenaline junkies, if you need tips on how to glide over our mountains, just ask @JimmyFallon‚Äì he's a zipline pro. Right, Jimmy? üòÇ  #DiscoverPuertoRico https://t.co/aTGRHdN3Qt""",2019-03-19 19:21:00,"""It‚Äôs Hashtags time! Tag a tweet with #SpringBreakHaiku and then write a funny or weird haiku poem about spring break. Could be on the show!""",2019-03-19 14:19:00,"""Great show tonight: @JordanPeele, Malcolm @Gladwell, @MarlonDuToit, and music from @sharonvanetten! Plus, highlights from the first-ever Tonight Show @NCAA Mascot 3-Point &amp; Slam Dunk Contests! #MarchMadness #FallonTonight""",2019-03-18 23:08:00,,,,,,,,,,,,,,,,,,,,,,,,
24/03/2019,31/03/2019,['love'],1,"""Shelley Lazar was like no other. Really gonna miss her. She followed me to every cool show. Inside joke. Legend. Love. Oh my gosh love.""",2019-04-01 02:14:00,,,,,,,,,,,,,,,,,,,,,,,,,,,,,,,,,,,,
01/04/2019,08/04/2019,"['love', 'time', 'fun', 'music', 'watch', 'good', 'honor', 'birthday', 'champion', 'present', 'bless']",10,"""#IfIHadTheThrone I‚Äôd make it so instead of ‚ÄúBless you‚Äù after someone sneezes, everybody has to say ‚ÄúAllergy Season is Coming.‚Äù #gameofthrones""",2019-04-09 15:27:00,"""It‚Äôs Hashtags time! Tag a tweet with #IfIHadTheThrone and then tell us a funny or weird thing you'd do if you were in charge. Could be on the show! #gameofthrones""",2019-04-09 15:26:00,"""Tonight on the show: @RealHughJackman, @ChrissyMetz, and Augusta National Women's Amateur Champion @JenniferKupcho and Runner-Up @MariaFassi0! Plus, music from @juiceworlddd! #FallonTonight""",2019-04-08 13:47:00,"""Haaaa. I love Steve Winwood too! https://t.co/t9j32yxA3b""",2019-04-06 16:28:00,"""Tiny hands, back again! Honored to present the @Variety Power of Women Award to honoree @GiGiHadid today! #PowerOfWomen #NYC https://t.co/IxxstS37Xn""",2019-04-05 20:08:00,"""Watch @thegreatkhalid perform ""Talk"" from his new album #FreeSpirit https://t.co/FrWiVSk5q6 https://t.co/TAn8x5xuSx""",2019-04-05 13:10:00,"""Fun show tonight: Kit Harington, Elle Fanning &amp; music from @thegreatkhalid! #tbt #FallonTonight https://t.co/Ueg3UvvFwo""",2019-04-04 22:48:00,"""I was scared for a sec. I‚Äôll be watching them this Sunday. https://t.co/sHyHDG7o4q""",2019-04-04 11:26:00,"""Happy Birthday, Alec! https://t.co/0zYaAEiAvb""",2019-04-03 22:47:00,"""Ran into the Italian version of me - @alecattelan, and we had a good chat. Funny guy. #EPCC April 11! @SkyUno https://t.co/YDiioCMxmD""",2019-04-03 03:21:00,,,,,,,,,,,,,,,,,,
09/04/2019,16/04/2019,"['time', 'watch', 'fun', 'love', 'friend', 'music', 'good', 'honor']",8,"""It‚Äôs Hashtags time - Tag a tweet with #ConcertFail and then tell us a funny or weird story from a concert or music festival. Could be on the show!""",2019-04-16 15:53:00,"""Thank you for a fun show last night, @Cher! https://t.co/GVPwSfGXQu #FallonTonight""",2019-04-16 15:27:00,"""@Nidhinaagar @nytimes Yeah. Not just for me but all the shows. These are all good jokes. I like that they do a best of late night.""",2019-04-16 13:10:00,"""Can‚Äôt stop eating and loving this MASTERS!!! #TheMasters #TacoTuesdaySunday https://t.co/Nhy9MCfnbq""",2019-04-14 17:20:00,"""I met a new friend. https://t.co/oo0NbK9Jto""",2019-04-12 19:06:00,"""Tonight on the show: #EmmaStone, @PollanFamily and @RealMikeFox! Plus, music from @TankandDaBangas! #FallonTonight #TBT https://t.co/8zH3A2Hv4r""",2019-04-11 19:23:00,"""Today.. we honor #Gary! Happy #NationalPetDay to my dog, Gary, and to all of the pets out there that bring you love and happiness!! https://t.co/Yk7Ipm8Ku4""",2019-04-11 18:29:00,""".@FallonTonight x @GameOfThrones 
Watch the full video:
https://t.co/abOc37nwVr""",2019-04-10 19:27:00,,,,,,,,,,,,,,,,,,,,,,
17/04/2019,24/04/2019,"['music', 'love', 'time', 'good', 'watch', 'fun', 'hate', 'kind', 'fire']",12,"""TONIGHT! @brielarson is here to talk #AvengersEndgame and play a fun VR game, @wyattcenac stops by, and @WuTangClan performs! Plus, @Phillies' @bryceharper3 and I go head-to-head in a #MLBTheShow Home Run Derby championship! #FallonTonight https://t.co/jwemS52mQ9""",2019-04-24 19:00:00,"""Fun show tonight: @DrPhil, @sophiabush, @ninja and a performance from @maggierogers! Plus, @arod and I take a hip-hop dance class together! #FallonTonight https://t.co/xLGYHHElid""",2019-04-23 19:01:00,"""New @Avengers mash-up to @Billyjoel's ""We Didn't Start The Fire"" https://t.co/5y9kTXld9d #FallonTonight""",2019-04-23 12:56:00,"""'Avengers: Endgame' cast sing ""We Didn't Start the Fire"" in comic strip mash-up https://t.co/pWvpNcx0u3 https://t.co/3nGfmD6ru7""",2019-04-23 04:33:00,""".@NBC in 10 minutes. @BernieSanders and @Avengers and @billyraycyrus and @LilNasX !!! Watch the first 5 minutes. Turn it up. #FallonTonight #CNNTownHall #OldTownRoad  watch tonight!!! Record it!!""",2019-04-23 03:27:00,"""Send it to everyone!!! RT it. It‚Äôs out now. And watch tonight for 
@Avengers END Game mash up - same show. #TonightShowStarringJimmyFallon #NBC https://t.co/4BHJVCyER4""",2019-04-23 01:56:00,"""Good writers, @theRoots and great production. ‚ÄúOld Town Hall‚Äù the @BernieSanders remix.  https://t.co/KJMvl6OSLO #FallonTonight""",2019-04-23 01:54:00,"""I love that impression. And I love @thelonelyisland. https://t.co/XSr0X8cSuB""",2019-04-23 01:22:00,"""Jimmy Fallon‚Äôs Bernie Sanders Pursues The Musical Vote With ‚ÄúOld Town Hall‚Äù https://t.co/8qyBBvJLI8 https://t.co/0NLKxUCRA5""",2019-04-23 00:48:00,"""We've got something big happening on the show every night this week!! So, at 3:00pm ET for the next 5 days, be on the lookout - I'm going share a hint of what's to come that night! It's gonna be a fun week! #FallonTonight""",2019-04-22 18:48:00,"""I actually hate this game. @KateBeckinsale 1st time on. She was a great sport and super funny!! ‚ù§Ô∏è https://t.co/gl9Lt197m4""",2019-04-18 14:14:00,"""@wjrradio @PaulWJR @Jeff_Daniels Pleasure to meet you. I grew up on AM radio - keep doing what your doing. I‚Äôll say hi next time I‚Äôm in Detroit. Thank you again for the kind words.""",2019-04-18 14:05:00,,,,,,,,,,,,,,
25/04/2019,02/05/2019,"['watch', 'fun', 'love', 'music', 'honor']",6,"""Wow. Thank you!! Love you guys!! See you soon!! (p.s. did I get any of the words right? tricky lyrics!) https://t.co/2soo2miFYE""",2019-05-02 22:25:00,"""I LOVE the music community so much. Thank you for the support. https://t.co/5939LldKtJ""",2019-04-26 19:31:00,"""Nailed it! üôå@jimmyfallon &amp; Paul Rudd recreate the 'You Spin Me Round' music video ~@TheAshleyGreco https://t.co/fTsyQ2Fo34""",2019-04-26 14:47:00,"""@jkjohal64 Please watch tonight and play it LOUD in honor of Pete. This was so much fun to do but obviously we could never have done it without the original.""",2019-04-26 03:23:00,"""Paul Rudd spins us right round in this glorious music video parody https://t.co/k2Qs8vqZpv https://t.co/bN7TvmBPGV""",2019-04-26 02:50:00,"""You gotta give it up for Paul Rudd‚Äôs commitment to the original https://t.co/2YgWqSANeZ Love that dude""",2019-04-26 02:03:00,,,,,,,,,,,,,,,,,,,,,,,,,,
03/05/2019,10/05/2019,"['watch', 'fun', 'time', 'friend', 'honor', 'mother']",6,"""It was fun. Thanks for taking the time to talk with me. ‚ù§Ô∏è‚òòÔ∏è https://t.co/FaNrCrg1ov""",2019-05-10 18:37:00,"""Mother's Day is right around the corner and we have the perfect book for MAMAs everywhere! Pick up a copy of EVERYTHING IS MAMA by @JimmyFallon: https://t.co/YpI0EmLrUz https://t.co/DX3YAZySL6""",2019-05-10 16:01:00,"""#TBT in honor of #winecountrymovie https://t.co/Zw6znOjiB0""",2019-05-09 18:45:00,"""Watch @vampireweekend and @HAIMtheband team up for @FallonTonight performance https://t.co/PAdc9pWsrV https://t.co/eYrKMppC3F""",2019-05-08 13:12:00,"""It‚Äôs Hashtags time! Tag a tweet with #MomQuotes and then tell us about a funny or weird thing your mom has said. Could be on the show!""",2019-05-07 14:45:00,"""Will Smith, with a beat from @questlove, performs his new spin on ‚ÄúFriend Like Me‚Äù üßû #FallonTonight https://t.co/gLRhREJnQr""",2019-05-07 04:03:00,,,,,,,,,,,,,,,,,,,,,,,,,,
11/05/2019,18/05/2019,"['love', 'time', 'fun', 'friend', 'music', 'star', 'cancer', 'laughter']",8,"""Tonight on the show: @jessicaalba, @YaraShahidi, and music from @headandtheheart! Plus, your funniest #PromFail tweets! #FallonTonight""",2019-05-16 20:36:00,"""Digital exclusive @HowardStern extended interview on his legacy, how his cancer scare inspired him to write his new book #HowardSternComesAgain and much more https://t.co/P3pctIlbMr https://t.co/VquCxNw5SF""",2019-05-16 11:59:00,"""Conversations with a friend #HowardSternComesAgain https://t.co/SYkvDjgjeZ""",2019-05-15 23:11:00,"""Fun show tonight: @HowardStern is here to talk about his new book #HowardSternComesAgain! Plus, a performance from @monstersandmen! #FallonTonight""",2019-05-15 15:13:00,"""What started as laughter is now applause. These moments. Love you buds! https://t.co/B73Mudq9h3""",2019-05-14 16:10:00,"""I was social director so I added ‚ÄúStar Spangled Banner‚Äù in the mix for prom song. It won. So that was the prom song for Saugerties High, Class of ‚Äò92. #PromFail""",2019-05-14 16:01:00,"""It‚Äôs Hashtags time! Tag a tweet with #PromFail and then tell us a funny or weird story about your prom. Could be on the show!""",2019-05-14 16:00:00,"""Tonight on the show: @MiloVentimiglia, Mayor @PeteButtigieg, and music from Morrissey (@officialmoz)! #FallonTonight""",2019-05-13 20:58:00,,,,,,,,,,,,,,,,,,,,,,
19/05/2019,26/05/2019,"['music', 'love', 'fun', 'birthday', 'honor']",5,"""I meant to say... happy birthday buds!!! Always miss you. When do we play again? https://t.co/dOwvsevhgJ""",2019-05-27 06:22:00,"""Who knew I‚Äôd love @halsey ‚Äòs speaking voice as much as love her singing voice. Really funny and charming too. Well done on @SiriusXMHits1!""",2019-05-25 20:05:00,"""Fun show tonight! @danacarvey is here (and we have something fun planned with special guest Robert Smigel)! Plus, @emrata stops by and stand up from @chloe_hilliard! #FallonTonight https://t.co/Z52xOdGhoh""",2019-05-24 18:13:00,"""#NosesOn in honor of #RedNoseDay! Go to https://t.co/Wdf16ZDvcW to learn more about @RedNoseDayUSA!! https://t.co/J2HemYmuMo""",2019-05-24 01:06:00,"""TONIGHT: @KevinHart4Real, @beaniefeldstein, and music from @Mabel! #FallonTonight""",2019-05-21 16:41:00,,,,,,,,,,,,,,,,,,,,,,,,,,,,
27/05/2019,03/06/2019,"['love', 'time', 'music', 'watch', 'lie', 'art']",5,"""There is so much new music this weekend! I highlighted some of my favorites on my IG stories. Happy Friday!! #JFJam #NewMusicFriday https://t.co/U1tFJ5MvCS https://t.co/xLlWxJwTD4""",2019-05-31 14:11:00,"""It was so well done and creepy and funny and home run acting and directing and a great soundtrack. It‚Äôs gonna be tough to beat season 1 - oh wait... enter Meryl Streep. I‚Äôll be watching. Thanks. #BLL2""",2019-05-29 22:53:00,"""But the secret sauce for me has to be - set decorator Amy Wells, production designer John Paino and art director James F. Truesdale. Every home LOOKED like the characters who lived there. Down to the silverware.""",2019-05-29 22:53:00,"""@shailenewoodley, @ZoeKravitz, @LauraDern, @ReeseW and Nicole Kidman were all - off the chain -fantastic to watch. Amazing performances. Not to mention Alexander Skarsgard and @mradamscott who played every scene perfectly.""",2019-05-29 22:53:00,"""I know I‚Äôm late to the party - but just finished season 1 of Big Little Lies. HO-LY - I loved it! Wow. Season 2 coming June 9th so you got time to watch if you haven‚Äôt seen. But I have to give props to David E. Kelley and that cast!?!?!""",2019-05-29 22:53:00,,,,,,,,,,,,,,,,,,,,,,,,,,,,
04/06/2019,11/06/2019,"['time', 'friend', 'music', 'fun', 'hope', 'truth']",6,"""My friend‚Äôs dad used to make us put shoes on when there was a thunderstorm cuz he heard that ""if we're barefoot the whole family could get electrocuted."" #DadQuotes""",2019-06-12 15:03:00,"""It‚Äôs Hashtags time! Tag a tweet with #DadQuotes and then tell us about a funny or weird thing your dad has said. Could be on the show!""",2019-06-12 15:01:00,"""Tonight: @chrishemsworth is here and we get to the truth in True Confessions with @kumailn! Plus, talk + music from @jonasbrothers! #FallonTonight""",2019-06-12 13:38:00,"""Fun show tonight: @selenagomez is here and we are going to be put to the test by #HotOnes host @seanseaevans! Plus, @ElaineWelteroth and a performance from @GoldLink ft.@MaleekBerry! #FallonTonight""",2019-06-11 15:30:00,"""Had a fun talk with Matt Grobar at @deadline. Thank you for the time! Hopefully I‚Äôll talk to you before another year. (I like the picture too!) https://t.co/cn72JQjBlA""",2019-06-11 11:32:00,"""Back with all-new shows this week! Tonight: @shailenewoodley talks #BLL2, Brian Tyree Henry stops by, and music from @TheNational! Plus, Classroom Instruments with @jonasbrothers! #FallonTonight https://t.co/WMVzzTw7BU""",2019-06-11 00:49:00,,,,,,,,,,,,,,,,,,,,,,,,,,
12/06/2019,19/06/2019,"['fun', 'time', 'friend', 'music', 'love', 'watch', 'beach', 'good', 'fall', 'father', 'bomb']",13,"""Freestyle Love Supreme. On Broadway. This fall.
#FLS https://t.co/EMXwAcry0L""",2019-06-19 04:00:00,"""The Head and the Heart brought Jimmy Fallon back into the Tonight Show music room to join in singing a valedictory signature song, 'Rivers and Roads' (Watch) @headandtheheart @FallonTonight https://t.co/ze9QKX4nRg""",2019-06-18 17:03:00,"""My friend got married on the beach and wanted to zip line to the altar. He didn‚Äôt test before and it turned out he was too heavy for the line. He was dragged through rocks and sand for the last 10 seconds. Ripped the pants off of his tux. #WeddingFail""",2019-06-18 14:41:00,"""It‚Äôs Hashtags time! Tag a tweet with #WeddingFail and then tell us a funny or weird story from a wedding you were at. Could be on the show!""",2019-06-18 14:40:00,"""I loved Taxi. That is my favorite sitcom of all time. https://t.co/AEZ7FkOzxu""",2019-06-18 02:33:00,"""Tonight on the show: @KeeganMKey and @MrHoratioSanz! Plus talk + music from @perryfarrell! #FallonTonight""",2019-06-17 19:29:00,"""@JustStolp She‚Äôll start reading it back to you. Watch!!!""",2019-06-15 15:17:00,"""Your Baby‚Äôs First Word Will Be DADA. Run to your local bookstore or toy shop or Amazon - you‚Äôve got 1 day until Father‚Äôs Day!! #HappyFatherDay https://t.co/OnTNoQcjAE""",2019-06-15 14:00:00,"""Fun show tonight: The cast of @Stranger_Things is here! Plus, @ramy and a ramen demo from @ivanramen! Happy #ThankYouNoteFriday! #FallonTonight https://t.co/WwLo2fHVfr""",2019-06-14 17:03:00,"""Good morning Italy!!! Here we go!!! https://t.co/JPV8Rx4MlT""",2019-06-14 03:31:00,"""Good morning Sweden!!!! Have a great day!! https://t.co/QJPBlyjjvp""",2019-06-14 03:31:00,"""@Ninja Dude, you‚Äôre rocking the Bomb Pop! #IJusthadThisLastWeek #HappySummer https://t.co/dDd7d75JD1""",2019-06-13 16:43:00,"""I love you guys. Thank you again for coming on. Crushed it as always. https://t.co/Z4wKuKFYB0""",2019-06-12 22:38:00,,,,,,,,,,,,
20/06/2019,27/06/2019,"['time', 'fun', 'friend', 'love', 'watch', 'good']",10,"""Love you guys!! Thanks. #FallonLIVE""",2019-06-28 05:05:00,"""First Break - Making up a song on the spot with @theroots from your tweets!! More with @NICKIMINAJ on @nbc NEXT!! Are you watching?! #FallonLIVE  https://t.co/jgOi5ssSGO""",2019-06-28 03:51:00,"""I‚Äôve been doing this! And I love it! #HelpUsStrangerREPEAT https://t.co/77CHkZRABt""",2019-06-27 15:43:00,"""Here's a rundown of the bits worth watching from late-night TV https://t.co/0eBcn5kVNy""",2019-06-27 12:00:00,"""We‚Äôre gearing up for a LIVE show tonight with Daisy Ridley, @iamcolinquinn, and a performance from @littlebigtown! Plus, the cast of @Stranger_Things and I surprise unsuspecting fans at #MadameTussauds in Times Square. Don‚Äôt miss it! #FallonLIVE https://t.co/Sky6moiV9y""",2019-06-26 20:32:00,"""They have the insanely hard job of making my face look good every night - so YOU are a walk in the park! But I will pass along the props. Thanks. https://t.co/LgDtYrQbQ0""",2019-06-25 21:57:00,"""Haaaaaaaaaa!!! Good sport. Always great to see you my friend. https://t.co/6sVn0EnkGF""",2019-06-25 14:08:00,""".@ChrissyTeigen ask @KimKardashian how much fun it is to play our game ‚ÄúCan You Feel it?‚Äù Right, Kim? Kim? Kim?""",2019-06-24 18:48:00,"""I‚Äôm sorry - but if you missed @WillieNelson on our show the other night - he talked and sang a song for us. I can‚Äôt thank him enough for coming on. I love him and this song made me cry. If you need one, here it is... https://t.co/p5YGOAqXsc #RideMeBackHome #Willie""",2019-06-21 03:56:00,"""This is hilarious. I liked hearing the story behind it. Tell her to watch the show tonight, then raffle it off. https://t.co/g9LQbyUfOL""",2019-06-21 01:05:00,,,,,,,,,,,,,,,,,,
28/06/2019,05/07/2019,['good'],1,"""There are so many good songs this summer!! Check out the #JFJams playlist! I add to it every Friday! https://t.co/VeVPBiwV9h""",2019-07-05 17:38:00,,,,,,,,,,,,,,,,,,,,,,,,,,,,,,,,,,,,
06/07/2019,21/07/2019,"['time', 'music', 'good', 'hope', 'mad', 'patient', 'beach']",7,"""Tonight: @DavidSpade, @foxoutdoors &amp; music from @redhearsemusic! #FallonTonight""",2019-07-22 12:32:00,"""So excited for #TonightShowSummerReads! 5 amazing books this year: Ask Again, Yes by @Mary_Beth_Keane, The Chain by @adrianmckinty, The Silent Patient by @AlexMichaelides, Fleishman Is in Trouble by @taffyakner, and The Gone Dead by @chanellebenz. Vote now https://t.co/Hx8Qr4ktDI""",2019-07-19 16:12:00,"""Mad Lib Theater with @kenanthompson and @JoeManganiello! https://t.co/PKYk4Yv8nc #FallonTonight""",2019-07-19 13:16:00,"""Tried to impress my wife by walking out of the ocean like Daniel Craig/James Bond. Got knocked over by a wave: riptide, pants down, bloody knee, hair looked like a bad toupee, and a little kid on the beach saw me and started crying. #BeachFail""",2019-07-17 15:51:00,"""It‚Äôs Hashtags time! Tag a tweet with #BeachFail and then tell us about a funny or weird thing that happened to you at the beach. Could be on the show!""",2019-07-17 15:50:00,"""üé§ @jimmyfallon and @StephenAtHome's Neverending challenge from @Stanger_Things is so bad it's good https://t.co/vM2eXIJfLy https://t.co/oijCC0QsaY""",2019-07-16 15:32:00,""".@JimmyFallon and @StephenAtHome really are two #StrangerThings in late-night ... here's hoping theirs is a 'NeverEnding Story': https://t.co/LqXcaUB3zG""",2019-07-16 11:00:00,,,,,,,,,,,,,,,,,,,,,,,,
22/07/2019,29/07/2019,"['fun', 'music', 'champion']",5,"""Tonight on the show: @kevinbacon, @QueerEye‚Äôs Fab Five and music from @TheHighwomen! #FallonTonight""",2019-07-30 13:04:00,"""16-yr-old #FortniteWorldCup Solo Champion @bugha walks us through his gaming routine. More with @bugha on #FallonTonight! https://t.co/tVu7oQgRRJ""",2019-07-30 01:07:00,"""Tonight:¬†@RachelBros,¬†@carlagugino¬†and music from¬†@tydollasign! Plus, #FortniteWorldCup Solo Champion¬†@bugha!¬†#FallonTonight""",2019-07-30 00:48:00,"""Fun show tonight with @ZacharyQuinto, Betty Gilpin, and stand up from @ComicMikeV! Plus, a science demo from Kevin Delaney! #FallonTonight""",2019-07-25 13:20:00,"""Tonight: @octaviaspencer, Fred Armisen and music from @YbnCordae ft. @AndersonPaak! #FallonTonight""",2019-07-23 13:59:00,,,,,,,,,,,,,,,,,,,,,,,,,,,,
30/07/2019,06/08/2019,"['love', 'time', 'watch', 'friend', 'beast']",6,"""My friend had a giant hole rusted through the bottom of his car. He would pretend to stop the car with his feet, Flintstones style. #CarFails""",2019-08-07 20:57:00,"""It‚Äôs Hashtags time! Tag a tweet with #CarFails and then tell us about a funny or weird thing that happened to you or a friend involving cars. Could be on the show!""",2019-08-07 20:56:00,"""Watch Post Malone and Jimmy Fallon sing a rousing cover of ""Seven Drunken Nights"" https://t.co/8FPvDk2Xho https://t.co/Dw3R9CLHwe""",2019-08-07 06:54:00,"""Love you @jimmyfallon ‚ô•Ô∏è https://t.co/X7U79wMuvq""",2019-08-07 03:01:00,""".@QueerEye's Fab Five and I ride ""The BEAST"" https://t.co/fTAVdAv1D6 #FallonTonight""",2019-08-01 12:03:00,"""@bobbyberk @FallonTonight Beast buddies?""",2019-08-01 02:59:00,,,,,,,,,,,,,,,,,,,,,,,,,,
07/08/2019,14/08/2019,"['fun', 'honor', 'music']",8,"""Tonight: John Travolta, @MarlonWayans and #TonightShowSummerReads ‚ÄúAsk Again, Yes‚Äù author @Mary_Beth_Keane! Plus, music from @carolinejones! #FallonTonight""",2019-08-15 13:05:00,"""Wheel of Musical Impressions w/ @alessiacara https://t.co/buq65KfYe3 #FallonTonight""",2019-08-15 12:05:00,"""YOU were the one making ME laugh! Thanks again for doing that. I was honored. https://t.co/4GCFSFlGTQ""",2019-08-14 22:49:00,"""Tonight on the show: @icecube, Kieran Culkin and Wheel of Musical Impressions with @alessiacara! Plus, music from @juanes &amp; @alessiacara! #FallonTonight""",2019-08-14 12:58:00,"""Tonight: @henrygolding, Jonathan Groff and music from @RickRoss ft. @THEREALSWIZZZ! #FallonTonight""",2019-08-13 12:50:00,"""Fun show tonight with @common, @KateUpton, and music from @common ft. @THEREALSWIZZZ! #FallonTonight""",2019-08-12 12:36:00,"""Fun show tonight with a very special guest! Plus, @LilRel4 and a performance from @NatalieMerchant! #FallonTonight""",2019-08-08 15:11:00,"""Tonight: Greg Kinnear, Phoebe Waller-Bridge and music from @BigSean! #FallonTonight""",2019-08-08 01:45:00,,,,,,,,,,,,,,,,,,,,,,
15/08/2019,22/08/2019,"['love', 'birthday']",1,"""happy happy birthday to my favorite dance partner @madonna. Love ya pal.""",2019-08-16 15:41:00,,,,,,,,,,,,,,,,,,,,,,,,,,,,,,,,,,,,
23/08/2019,30/08/2019,"['time', 'star']",1,"""This time BABY is the star of the show! Preorder your copy of @JimmyFallon's newest picture book THIS IS BABY today: https://t.co/E5VxAQl5Wt https://t.co/r1zvHbuUSU""",2019-08-28 18:01:00,,,,,,,,,,,,,,,,,,,,,,,,,,,,,,,,,,,,
31/08/2019,07/09/2019,"['love', 'time', 'music', 'hope', 'fun', 'beast']",7,"""Brand new Tonight Show after the #NFL Steelers vs Patriots game! We have @michaelb4jordan &amp; @iamjamiefoxx, a Beat Battle with @KellyClarkson and music from @kanebrown! Plus, @PostMalone and I go to Medieval Times! #SundayNightFallon""",2019-09-08 12:47:00,"""They crushed it. It‚Äôs such a fun show to get to see new kids and legends playing together. Thank you. https://t.co/cD8a9TJe42""",2019-09-06 22:58:00,"""If you have kids and are in NYC - check this out. We LOVED it. So creative and fun. Great job all around. Thank you. https://t.co/d824xlttjY""",2019-09-06 22:24:00,"""@ElvisDuranShow thank you guys as always for being so welcoming. Elvis - remember - no smoke machines at the wedding. Hope to see you soon.""",2019-09-06 12:17:00,"""Fun show tonight after the #NFLKickoff game with @KendallJenner, @desusnice &amp; @THEKIDMERO and music from @tanya_tucker ft. @brandicarlile! #FallonTonight""",2019-09-05 13:01:00,"""She also played Tribute by @tenaciousd in rehearsals. She is a beast!! https://t.co/26s0dE9ACZ""",2019-09-04 14:12:00,"""Happy first day of school if today is your day. We have a fun Tonight Show tonight from IT Chapter 2 Bill Hader is here, @Caradelevingne has a new show on @PrimeVideo Carnival Row, host of @NBCNightlyNews @LesterHoltNBC and @AlecBenjamin!""",2019-09-03 12:13:00,,,,,,,,,,,,,,,,,,,,,,,,
08/09/2019,15/09/2019,"['watch', 'love', 'music', 'time']",7,"""@SharonZurcher That goes without saying. It should be on everyone‚Äôs list. Fantastic game. Changed everything. Naming some others who deserve some love...""",2019-09-13 01:32:00,"""El mi√©rcoles 18 se juntan Trujillo Alto y Vega Baja para tocar ‚ÄúBellacoso‚Äù por primera vez en vivo en @FallonTonight @jimmyfallonüáµüá∑üî•‚Ä¢ On Wednesday 18th Trujillo Alto and Vega Baja will join for the first time live to perform ‚ÄúBellacoso‚Äù at @FallonTonight @jimmyfallon https://t.co/vLVCC8TV3y""",2019-09-12 23:10:00,"""Tonight: Jennifer Garner, @jimjefferies and music from @theestallion! Plus, we all play the food-tasting game Secret Ingredient! #FallonTonight""",2019-09-12 13:04:00,"""Tonight: History of Music Video Dancing with @JLo! Plus, @russwest44 is here and stand-up from @RyanHamilton! #FallonTonight""",2019-09-10 13:00:00,"""Love you too buds. Congrats on #1!! https://t.co/RjNVX31ZHo""",2019-09-09 17:22:00,"""Watch @PostMalone &amp; @JimmyFallon visit Medieval Times together https://t.co/wv1iPo0Egi https://t.co/sdKbLgjAK2""",2019-09-09 12:59:00,""".@postmalone and I go to¬†Medieval Times¬†https://t.co/uzW7rqwh35¬†#SundayNightFallon""",2019-09-09 11:57:00,,,,,,,,,,,,,,,,,,,,,,,,
16/09/2019,23/09/2019,"['time', 'music', 'friend', 'good', 'love', 'hope', 'fun', 'gift', 'present', 'cheer', 'gun', 'kick', 'spider', 'birthday', 'fall']",19,"""Hot Girl Summer may be over ‚Äì but bring on the pumpkin spice for Hot Girl Fall! (via @toofab) 
https://t.co/gAGNHCSYKi""",2019-09-24 14:20:00,"""Hot Girl Fall with @theestallion https://t.co/LokJrtE9Eu #FallonLIVE""",2019-09-24 13:14:00,"""LIVE show tonight with @gwenstefani, @BenSPLATT and a performance from @zacbrownband! Plus, Hot Girl Fall with @theestallion! #FallonLIVE""",2019-09-24 00:53:00,"""Hot Girl Summer may be over... but me and @theestallion are kicking off Hot Girl Fall. Tonight! #FallonLIVE https://t.co/4rT3QKWl2q""",2019-09-23 23:53:00,"""Tonight‚Äôs gonna be a fun one. Who‚Äôs staying up late with us? @FallonTonight @jimmyfallon #TheOwl

Photo by @diegopernia https://t.co/j7p7X1a7gL""",2019-09-23 22:10:00,"""Preparing to see my first @deadandcompany show on October 31st at @TheGarden. My friend @Andy is helping me prep by sending three songs a week to listen to and learn. What is on the must listen list?""",2019-09-20 16:30:00,"""@ParentOutpost @blainecapatch I‚Äôd screw it up. It was something about getting the bad side effects to being bit by a spider. I think he said he had the ability to crouch in small corners.""",2019-09-20 16:21:00,"""I never knew I shared a birthday with @blainecapatch. I love that guy. I was lucky open for him once back in the day. He had a great Spider Man joke that I always loved. Happy birthday!""",2019-09-20 16:14:00,"""Fun show tonight with Paul Giamatti, @ChrissyMetz and a performance from @SherylCrow ft. @ChrisStapleton! Plus, @theroots &amp; I sing your #FallSongs tweets! #FallonTonight""",2019-09-20 13:46:00,"""Happy Birthday @jimmyfallon!
We hope you enjoyed your gift from @Ninja yesterday. Thanks for giving gamers a spotlight. https://t.co/1ga66XQRGz""",2019-09-19 18:14:00,"""Tonight: @TheSlyStallone, @CedEntertainer and stand-up from @marknorm! Plus, something fun with Brad Pitt! #FallonTonight""",2019-09-19 13:06:00,"""Alright alright - you guys are gonna make me emotional. #SMILE is trending. So happy. Thanks. What a nice birthday present?!?! https://t.co/8wh7L18EmK""",2019-09-19 02:12:00,"""It‚Äôs my birthday tomorrow and you know what I‚Äôd LOVE? Post a picture of you smiling or a video or pic of you making someone else smile. Everyone can do it, it doesn‚Äôt cost you anything and it would make me so happy. Thank you. #SMILE""",2019-09-18 22:50:00,"""@FallonTonight @JimmyFallon No, good sir, How Dare YOU! Your untoward cry in the late hour of OREO Thins is blaspheme in the highest degree! But, though their wafers be thin, their capacity for forgiveness is unbounded‚Ä¶ you are thus absolved of the offense.""",2019-09-18 19:26:00,"""It's Hashtags time! Tweet out a funny song lyric parody about the fall and tag it with #FallSongs. Could be on the show!""",2019-09-18 15:45:00,"""I love this. Let‚Äôs make something with this!! https://t.co/zhBiWBw9XQ""",2019-09-18 13:41:00,"""Burger cheers with Jimmy &amp; @GiGiHadid for #CheeseburgerDay! https://t.co/fY9SDdqYOr https://t.co/goLBpIMozr""",2019-09-18 13:35:00,"""Tonight: @MsSarahPaulson, Michelle Dockery, and music from @thelumineers! Plus, new #Fallonventions! #FallonTonight""",2019-09-17 13:18:00,"""Powerful moment from @KamalaHarris with @jimmyfallon last night: Kamala asks the audience of all college students how many of them have had to do an active shooter drill in school.

Nearly every hand went up.

We are traumatizing an entire generation by failing to act on guns. https://t.co/orWnIyRwov""",2019-09-17 12:30:00
24/09/2019,01/10/2019,"['love', 'time', 'hope', 'watch', 'fun', 'blue', 'truck', 'anxious']",12,"""Freestyle Love Supreme Rap completely improvised a rap song on @FallonTonight https://t.co/tcXyICXvjP""",2019-10-02 10:33:00,"""You have to watch @freestylelove supreme on our show tonight. You will never see anything on tv like this. #FallonTonight #FreestyleLoveSupreme""",2019-10-01 20:29:00,"""Went to class. That one time. #CollegeInSixWords""",2019-10-01 18:07:00,"""It's Hashtags time! Use six words to describe college and tag it with #CollegeInSixWords. Could be on the show!""",2019-10-01 18:07:00,"""Thank you thank you thank you. Fun week. #FallonLIVE""",2019-09-28 05:25:00,"""We are. Thank you for liking it. That makes us have more fun. More fun? More sketches. #CircleOfLife #FallonLIVE https://t.co/oXoMsdkq4H""",2019-09-27 05:53:00,"""I really hope I inspired you with my moves. (Sorry Dave - I tried.) https://t.co/oJKQwLNU2m""",2019-09-26 23:56:00,"""There are some stunning picture books coming out in October, including books by @JohnCena, @Lupita_Nyongo, &amp; @jimmyfallon! Plus, a new LITTLE BLUE TRUCK adventure perfect for kids who are anxious about thunderstorms (&amp; adults who are anxious about bedtime) https://t.co/L10NLsDIQN https://t.co/RVEKkQIyUX""",2019-09-26 18:59:00,"""Watch @Charli_XCX &amp; @JimmyFallon charmingly mash up @DepecheMode's ""Just Can't Get Enough"" with @IconaPop's ""I Love It"" https://t.co/8Jw8aXi1w3 https://t.co/GODZQSqSTu""",2019-09-26 13:28:00,"""Thank you guys for watching tonight. See you tomorrow. 2 more live shows to go!""",2019-09-26 04:52:00,"""@Neuro2343 @TheIrishmanFilm Thanks. We‚Äôve got another fun thing tonight.""",2019-09-25 19:38:00,"""Thanks for watching #FallonLive. See you guys tomorrow. Goodnight.""",2019-09-25 05:07:00,,,,,,,,,,,,,,
02/10/2019,09/10/2019,"['fun', 'love']",5,"""@RyanBartholomee I love that guy.""",2019-10-10 14:08:00,"""Rutles forever. Love you bud! https://t.co/w6KoSIyfI1""",2019-10-09 16:57:00,"""This Is Baby is out today!!!! Pick it up at your local bookstore or wherever you buy fun books. Thanks! https://t.co/xJosoRO2II #ThisIsBaby https://t.co/bYz9q4GK2k""",2019-10-08 16:58:00,"""Okay - to be clear - I‚Äôm on at 8:20 on @TODAYshow. I am not on @TheTodayShow in Australia. But I‚Äôd love to be one day! #ThisIsBaby""",2019-10-08 12:11:00,"""I love Noodle!!! https://t.co/PuWgEtfuMN""",2019-10-07 14:01:00,,,,,,,,,,,,,,,,,,,,,,,,,,,,
10/10/2019,17/10/2019,"['watch', 'love', 'fun', 'hope', 'gift', 'save']",6,"""Do you love THIS IS BABY by @JimmyFallon? Enter to win a signed copy by posting a photo of your kiddo reading Jimmy's latest book with #ThisIsMYBaby! Parent or legal guardian must be the photographer &amp; poster of the submission. https://t.co/CQFRQzdXTl https://t.co/nLZHOlUnkU""",2019-10-18 16:22:00,"""It‚Äôs #1!!!! This is Baby is #1!!! We did it!!!! I can‚Äôt even tell you how fun this has been to do. I hope everyone enjoys the book over and over. And thank you again. https://t.co/XdPb2hcLUO""",2019-10-18 11:26:00,"""Thank you again everyone who came out to @BNUnionSquareNY last night to say hi to me. I really love meeting my fans. Thank you thank you thank you. I LOVED it. https://t.co/mcOjfVC3oW. #ThisisBABY""",2019-10-11 12:56:00,"""I always have fun on Watch What Happens Live. Thank you @Andy! https://t.co/TvB8C6F9Gf""",2019-10-11 11:29:00,"""Congrats to @jimmyfallon on ‚ÄúThis is Baby!‚Äù It‚Äôs a book, not a baby. It‚Äôs going on my list for best new parent gifts. https://t.co/RlAvhkWNqq https://t.co/ozUV4rTcuK""",2019-10-10 23:26:00,"""Save me a seat!! https://t.co/UwKaxF9ayj""",2019-10-10 21:50:00,,,,,,,,,,,,,,,,,,,,,,,,,,
18/10/2019,25/10/2019,"['time', 'watch', 'love', 'friend', 'music']",5,"""Musical improv with @KeeganMKey &amp; @jimmyfallon: https://t.co/4vGZX4zxwo""",2019-10-26 16:27:00,"""I love this show and you. You are brilliant! And your crew - I love all. If @FoodNetwork is done then we move on and take this to something I can help with. I need more knowledge. https://t.co/8wYN3yXgBv""",2019-10-26 03:46:00,"""Watch @KeeganMKey and @jimmyfallon  face off in a game of Musical Impressions https://t.co/n0qvfObT7q""",2019-10-25 21:10:00,"""Last year my friend went to a party as Slimer from Ghostbusters. All night everyone kept asking, ‚ÄúAre you the Mucinex Man?‚Äù #MyWorstCostume""",2019-10-21 20:48:00,"""It‚Äôs Hashtags time! Describe your biggest Halloween costume fail and tag it with #MyWorstCostume. Could be on the show!""",2019-10-21 20:47:00,,,,,,,,,,,,,,,,,,,,,,,,,,,,
26/10/2019,02/11/2019,"['love', 'music', 'watch', 'fun', 'friend', 'hit']",5,"""I must say: @FKAtwigs EASILY gave a instant top 10 performance on @FallonTonight ‚Äî-that jawn was MAJESTIC x infinity. PLEASE watch""",2019-10-31 03:09:00,"""Hit the woah. See you at the movies. This next parts my favorite part. Hit or miss? https://t.co/XFmOFsSKgK""",2019-10-30 01:43:00,"""Tonight Show Music Break: @liamgallagher performs ‚ÄúOnce‚Äù https://t.co/VTkACzboyV https://t.co/meH3OSRyK6""",2019-10-29 14:35:00,"""Love and light to all of my friends. Happy Diwali!!! https://t.co/CmDQnYmjY5""",2019-10-27 13:46:00,"""Fun pumpkin carving fact: you can get sharpie or permanent marker off of a pumpkin with rubbing alcohol or nail polish remover. https://t.co/Xg42xaYAiM""",2019-10-27 13:21:00,,,,,,,,,,,,,,,,,,,,,,,,,,,,
03/11/2019,10/11/2019,"['watch', 'gun', 'fight']",3,"""Okay @TexasFootball, I left some energy floating around in Austin. Find it and use it if you need to today. To get it just say Texas (fight) and throw in a Fallon (tonight). I‚Äôll be watching. Hook ‚Äòem. ü§ò#ThisIsTexas #HookEm #FallonAtUT""",2019-11-09 16:38:00,"""I think I just got suspended. Watch the show tonight! #FallonAtUT https://t.co/Kn5M1569Oh""",2019-11-07 14:10:00,"""HEY! Are you ready for the election? No, not 2020 - the one tomorrow! Remember, states are where we can make huge gains for gun violence prevention while the Senate and President remain bought by the NRA. Your vote matters! Here's info on the most important elections coming up üëá""",2019-11-05 00:25:00,,,,,,,,,,,,,,,,,,,,,,,,,,,,,,,,
11/11/2019,18/11/2019,"['music', 'time', 'watch', 'gift', 'birthday']",8,"""It‚Äôs Hashtags time! Take a song title and add one word to change the meaning, and tag it with #AddAWordRuinASong. Could be on the show!""",2019-11-18 20:34:00,"""I am so excited to have @TonesandImusic on the show TONIGHT!!!! Breaking all sorts of music records. #DanceMonkey https://t.co/NYvhMLVObs""",2019-11-18 14:11:00,""".@MrTonyHale Resurrects @VeepHBO's Gary in @JimmyFallon Impeachment Sketch ‚Äî Watch https://t.co/4iYkzd2b5w via @RyanSchwartz https://t.co/eedHI8yXIV""",2019-11-14 14:43:00,"""Happy birthday @jimmykimmel!! The best birthday gift would be to watch him tonight after the CMTs at 11:35 on NBC!""",2019-11-14 02:07:00,""".@KristenBell and @JimmyFallon Perform 'History of Disney Songs' Medley on @FallonTonight ‚Äî Watch https://t.co/tgJ2XBQLcP #HistoryOfDisneySongs https://t.co/ifsaZlquJH""",2019-11-13 13:22:00,"""If you like @disney songs and @KristenBell you should watch NBC right now! #HistoryofDisney #FallonTonight""",2019-11-13 04:37:00,"""Someone at my gym once told me, ‚ÄúYou‚Äôre doing great! First time?‚Äù I‚Äôd been working out there for six years. #ThatWasCold""",2019-11-12 20:53:00,"""It‚Äôs Hashtags time! Describe your favorite burn that you‚Äôve given or received, and tag it with #ThatWasCold. Could be on the show!""",2019-11-12 20:52:00,,,,,,,,,,,,,,,,,,,,,,
19/11/2019,26/11/2019,"['love', 'time', 'friend', 'hope', 'star', 'brother', 'hit', 'honor', 'war', 'respect', 'triumphant']",8,"""Honored to spend my time with @foodbank4nyc Community Kitchen in Harlem, a partner of @feedingamerica yesterday. We served over 111 hot breakfasts! Thank you for having me. Can‚Äôt wait to come back. https://t.co/cYCXVnGn53 #HappyThanksgiving #FeedingAmerica https://t.co/c3E9HYRfFF""",2019-11-27 16:07:00,"""Daisy Ridley raps a recap of all eight Star Wars movies ahead of Rise of Skywalker https://t.co/8bnXWgACZ5""",2019-11-26 13:40:00,"""It's Hashtags time! Tweet one of your funny or weird Thanksgiving traditions and tag it with #TurkeyDayTraditions. Could be on the show!""",2019-11-25 19:59:00,"""Naaahhhh it‚Äôs all Kristen. I was there to set her up. And she hit a homer. https://t.co/BawA6m4G8n""",2019-11-22 18:00:00,"""In honor of Frozen 2 - here is the History of @Disney Songs with me and @KristenBell. #Frozen2 https://t.co/aA5B88bojR""",2019-11-22 17:01:00,"""I had EVERYTHING to do with this. xo love, Jimothy https://t.co/P4fFbuPF5U""",2019-11-22 02:45:00,"""Thank you my brother!!! Respectfully, Dennis Hope https://t.co/GxvrzXrQdQ""",2019-11-22 02:44:00,"""Our friend Hashtag the Panda makes his triumphant return tonight!! #FallonTonight üêº Thank you #BeiBei""",2019-11-20 03:12:00,,,,,,,,,,,,,,,,,,,,,,
27/11/2019,04/12/2019,"['time', 'good', 'beach', 'holiday', 'money', 'accident', 'friend', 'mother']",9,"""Pssssst we got an exclusive clip of @ewarren talking about her difficult relationship with her mother on @jimmyfallon later tonight. Check it out in this story @leahcarroll wrote:  https://t.co/5O3CF1gTYt""",2019-12-05 01:54:00,"""For the first time ever @questlove interviews me. Take a listen: https://t.co/6Luia0YgJd #QLS https://t.co/z3zV4svdfL""",2019-12-04 18:08:00,"""Give back this holiday season: My new book #TheSeriousGoose is out today, just in time for #GivingTuesday! All of the money I make will go to @ChildrensLA &amp; children‚Äôs hospitals across the country. Available in bookstores &amp; here: https://t.co/wvt2LY9uIi""",2019-12-03 20:00:00,"""@FallonTonight I‚Äôm thankful for family, friends, good eats, movies, animals, and of course #babyyoda üòÅ #FallonThanksgiving""",2019-11-28 16:00:00,"""@FallonTonight I‚Äôm thankful my family went to Florida this year for Thanksgiving. I‚Äôm on the beach instead of listening to Aunt Linda ask me if I have a boyfriend for the 1000th time. #FallonThanksgiving""",2019-11-28 15:15:00,"""@FallonTonight I'm thankful for great family, great friends, new opportunities &amp; new projects. #FallonThanksgiving""",2019-11-28 15:11:00,"""@FallonTonight I‚Äôm #thankful for my friends and family! Oh and also for turning 18 this year so I can vote!! #FallonThanksgiving""",2019-11-28 15:11:00,"""@FallonTonight My friend left an ash tray on the table. Her grandma then accidentally used it to season the Turkey. #FallonThanksGiving #ThanksGivingRuined""",2019-11-28 14:22:00,"""@jimmyfallon The dish of my mother's sarcasm... It's always served cold #FallonThanksgiving""",2019-11-28 14:22:00,,,,,,,,,,,,,,,,,,,,
05/12/2019,12/12/2019,"['music', 'watch', 'love', 'honor']",6,"""Watching @Camila_Cabello and @VancityReynolds on @nbc right now?!?! #FallonTonight""",2019-12-13 05:07:00,"""I love cool hunting!!! https://t.co/sOrqOXfnZ9""",2019-12-12 17:26:00,"""Charlie Puth has ALL of our attention after his epic performance during a game of Music Genre Challenge on 
@FallonTonight. https://t.co/a0hTXtF3nD""",2019-12-11 03:35:00,"""I LOVED THIS MOVIE!! https://t.co/FqLFfkCQAE""",2019-12-10 05:30:00,"""@MnetMAMA I was honored.""",2019-12-10 05:29:00,"""""The Tonight Show"" host and children's book author @jimmyfallon tells us about four books he's read and loved this year: https://t.co/v7QZJAaZPe https://t.co/TUP64s1Jiz""",2019-12-09 18:56:00,,,,,,,,,,,,,,,,,,,,,,,,,,
13/12/2019,20/12/2019,"['watch', 'hug']",2,"""@jimmyfallon gave me my first EVER US tv performance in 2016, right after I hugged him so hard... surprisingly he had me on again after that and now I‚Äôm so excited to join him for TWO NIGHTS IN A ROW!! 18/19th @FallonTonight DON‚ÄôT MISS ‚ù§Ô∏è https://t.co/CY2udj1ILU""",2019-12-18 19:03:00,"""Watch @michaelb4jordan and @SamHeughan chat up with @jimmyfallon while @LeaMichele and #JonathanGroff feature as tonight's entertainment guests.

@FallonTonight powered by Ray-Ban | Tonight at 11 PM https://t.co/D7mS3LCrSO""",2019-12-17 15:30:00,,,,,,,,,,,,,,,,,,,,,,,,,,,,,,,,,,
21/12/2019,28/12/2019,"['love', 'holiday', 'tree']",2,"""I love my FalPals so much!! Merry Christmas! https://t.co/YPDrgn8owv""",2019-12-25 02:26:00,"""I just broke into a house and put this under someone‚Äôs tree. Just like Santa would want. Happy Holidays! #ThisIsBaby https://t.co/1QLokVrhkI https://t.co/gTMMSxuWtd""",2019-12-22 15:59:00,,,,,,,,,,,,,,,,,,,,,,,,,,,,,,,,,,
29/12/2019,05/01/2020,"['time', 'love', 'cheer']",3,"""It‚Äôs Hashtags time! Take a movie title and add one word to change the meaning, and tag it with #RuinAMovieWithOneWord. Could be on the show!""",2020-01-06 20:02:00,"""Happy New Year!!! This is actually when the party used to begin for me. Cheers to you and cheers to us!! I‚Äôm going to bed. Goodnight and I love you 2020!!""",2020-01-01 05:32:00,"""@Paigeey001 Stay strong. Sending love.""",2019-12-31 14:45:00,,,,,,,,,,,,,,,,,,,,,,,,,,,,,,,,
06/01/2020,13/01/2020,"['time', 'music', 'fun', 'friend', 'good', 'birthday', 'star', 'mad', 'hurt', 'doctor']",5,"""An aunt once got mad that none of us wished her dog a happy birthday. When we called to apologize, she said he was too hurt to speak to us right now. #DumbestFamilyFight""",2020-01-13 20:13:00,"""It‚Äôs Hashtags time! Describe the most ridiculous argument your family has gotten into, and tag it with #DumbestFamilyFight. Could be on the show!""",2020-01-13 20:11:00,"""Life makes no sense. That being said - see you next week for lunch Friend of a Farmer - 5 years ago. https://t.co/3wxYGFdW9m""",2020-01-09 06:41:00,"""Fun show tonight - Quentin Tarantino breaks down his music scoring and explains the link between him and the Golden Girls - Doctor Who star Jodie Whittaker and Nathaniel Rateliff sings the singing. #FallonTonight #NBC""",2020-01-09 04:31:00,"""These are so good!! New show tonight. #FallonTonight""",2020-01-07 02:32:00,,,,,,,,,,,,,,,,,,,,,,,,,,,,
14/01/2020,21/01/2020,"['time', 'watch', 'love', 'friend', 'birthday']",5,"""It‚Äôs Hashtags time! Tag a tweet with #ThereShouldBeALaw and then say a funny or weird rule that you think should be made into law. Could be on the show!""",2020-01-21 21:13:00,"""Friend goals. #happybirthdaylin""",2020-01-17 15:41:00,"""I feel like this could be my most liked tweet ever. People love you @Lin_Manuel!!! Happy Birthday! https://t.co/UCOC07Kz91""",2020-01-16 19:00:00,"""We sadly made our wives watch and film this. Support. It‚Äôs nice to know they were rooting for us. One of my favorite parts is I quote ‚ÄúWhat a long strange trip it‚Äôs been. Grateful Dead. Lin‚Äôs is ‚ÄúHave a great summer!‚Äù Could you hear? #40""",2020-01-16 18:43:00,"""Happy birthday to the GOAT - @Lin_Manuel!!! Love ya dude. https://t.co/yZMPXWfNeg""",2020-01-16 18:16:00,,,,,,,,,,,,,,,,,,,,,,,,,,,,
