Tweet Id,Tweet URL,Tweet Posted Time,Tweet Content,Tweet Type,Client,Retweets received,Likes received,User Id,Name,Username,Verified or Non-Verified,Profile URL,Protected or Not Protected
"""1219267208250941440""",https://twitter.com/barackobama/status/1219267208250941440,20/01/2020 14:35,"""Every so often, I re-read Dr. King’s Letter from a Birmingham Jail. While some of the injustices may have changed, his poetic brilliance, moral clarity, and tests of conscience still reverberate today. Take a moment to reflect on his righteous call: https://t.co/oBdqFqdWA6""",Tweet,Twitter for iPhone,50301,239729,"""813286""","""Barack Obama""",barackobama,Verified,https://twitter.com/barackobama,Not Protected
"""1218174463046553600""",https://twitter.com/barackobama/status/1218174463046553600,17/01/2020 14:13,"""In every scene, you are my star, @MichelleObama! Happy birthday, baby! https://t.co/hgMBhHasBj""",Tweet,Twitter for iPhone,394988,2758964,"""813286""","""Barack Obama""",barackobama,Verified,https://twitter.com/barackobama,Not Protected
"""1216725015695183872""",https://twitter.com/barackobama/status/1216725015695183872,13/01/2020 14:13,"""Glad to see American Factory’s Oscar nod for Best Documentary. It’s the kind of story we don’t see often enough and it’s exactly what Michelle and I hope to achieve with Higher Ground. Congrats to the incredible filmmakers and entire team!""",Tweet,Twitter for iPhone,11017,127215,"""813286""","""Barack Obama""",barackobama,Verified,https://twitter.com/barackobama,Not Protected
"""1216428587328458754""",https://twitter.com/barackobama/status/1216428587328458754,12/01/2020 18:35,"""Our fellow Americans in Puerto Rico can use our support after this week’s earthquakes. They’ve shown their enduring spirit over the past couple years, and it’s up to us to pull together for one another once again. I hope you’ll support their recovery: https://t.co/rYhSb8uVXK""",Tweet,Twitter for iPhone,31512,135165,"""813286""","""Barack Obama""",barackobama,Verified,https://twitter.com/barackobama,Not Protected
"""1215378018790707205""",https://twitter.com/barackobama/status/1215378018790707205,09/01/2020 21:01,"""Here’s the thing: Even with problems of this magnitude, each of us can still find a way to make change. That’s why I’m proud of young people like Alice Mahar, a environmental activist in Melbourne. Read about her and find ways you can help, too: https://t.co/qAHFiBgw6b""",Reply,Twitter for iPhone,6389,36772,"""813286""","""Barack Obama""",barackobama,Verified,https://twitter.com/barackobama,Not Protected
"""1215377738858663937""",https://twitter.com/barackobama/status/1215377738858663937,09/01/2020 21:00,"""The catastrophic fires in Australia are the latest example of the very real and very urgent consequences of climate change. It’s on us to stay focused and protect the one planet we’ve got for the next generation: https://t.co/dqytauPeXf""",Tweet,Twitter for iPhone,38040,208891,"""813286""","""Barack Obama""",barackobama,Verified,https://twitter.com/barackobama,Not Protected
"""1212883749727158273""",https://twitter.com/barackobama/status/1212883749727158273,02/01/2020 23:49,"""With David Stern’s passing, I’m reflecting on everything he did to take the NBA global, creating entire new generations of fans pretending to be like Mike or any of their favorite players on driveways and playgrounds around the world. https://t.co/8QMCazx2Fs""",Tweet,Twitter for iPhone,6245,85129,"""813286""","""Barack Obama""",barackobama,Verified,https://twitter.com/barackobama,Not Protected
"""1212422416716247040""",https://twitter.com/barackobama/status/1212422416716247040,01/01/2020 17:16,"""Here’s to a happy, healthy, and hopeful 2020. Happy New Year, everybody!""",Tweet,Twitter for iPhone,138702,1094559,"""813286""","""Barack Obama""",barackobama,Verified,https://twitter.com/barackobama,Not Protected
"""1211694118767738886""",https://twitter.com/barackobama/status/1211694118767738886,30/12/2019 17:02,"""From hip-hop to country to The Boss, here are my songs of the year. If you’re looking for something to keep you company on a long drive or help you turn up a workout, I hope there’s a track or two in here that does the trick. https://t.co/mQ2VssyDwt""",Tweet,Twitter for iPhone,70400,447699,"""813286""","""Barack Obama""",barackobama,Verified,https://twitter.com/barackobama,Not Protected
"""1211445110694645760""",https://twitter.com/barackobama/status/1211445110694645760,30/12/2019 00:33,"""If there’s one thing I love about @RepJohnLewis, it’s his incomparable will to fight. I know he’s got a lot more of that left in him. Praying for you, my friend.""",Tweet,Twitter for iPhone,27436,231032,"""813286""","""Barack Obama""",barackobama,Verified,https://twitter.com/barackobama,Not Protected
"""1211331851358494720""",https://twitter.com/barackobama/status/1211331851358494720,29/12/2019 17:03,"""Next up are my favorite movies and TV shows of 2019. Of course, there’s also American Factory, a film from our own production company, Higher Ground, that was recently shortlisted for an Oscar. Here’s the full list: https://t.co/PEcgwotcxm""",Tweet,Twitter for iPhone,28718,229516,"""813286""","""Barack Obama""",barackobama,Verified,https://twitter.com/barackobama,Not Protected
"""1211033245812441091""",https://twitter.com/barackobama/status/1211033245812441091,28/12/2019 21:16,"""As we wind down 2019, I wanted to share with you my annual list of favorites that made the last year a little brighter. We’ll start with books today — movies and music coming soon. I hope you enjoy these as much as I did. https://t.co/l5qTGkAPok""",Tweet,Twitter for iPhone,45674,278717,"""813286""","""Barack Obama""",barackobama,Verified,https://twitter.com/barackobama,Not Protected
"""1209624889717596161""",https://twitter.com/barackobama/status/1209624889717596161,25/12/2019 00:00,"""From the Obama family to yours, Merry Christmas! https://t.co/dNfx52AjMN""",Tweet,Twitter for iPhone,77865,1027377,"""813286""","""Barack Obama""",barackobama,Verified,https://twitter.com/barackobama,Not Protected
"""1209214676376141824""",https://twitter.com/barackobama/status/1209214676376141824,23/12/2019 20:50,"""On behalf of my family, Chag Sameach and Happy Hanukkah! As Jews around the world celebrate, let the menorah’s light remind us all of the miracles in our own lives.""",Tweet,Twitter for iPhone,19126,223982,"""813286""","""Barack Obama""",barackobama,Verified,https://twitter.com/barackobama,Not Protected
"""1207751083298344961""",https://twitter.com/barackobama/status/1207751083298344961,19/12/2019 19:54,"""2019 was full of moments that show humanity at its best—compassionate, entrepreneurial, determined. And yes, hopeful. Take a look to see for yourself. https://t.co/x0ayOMM04s""",Tweet,Twitter for iPhone,16217,112766,"""813286""","""Barack Obama""",barackobama,Verified,https://twitter.com/barackobama,Not Protected
"""1207006717172748292""",https://twitter.com/obamafoundation/status/1207006717172748292,17/12/2019 18:36,"""#ObamaLeaders convened 200 inspiring changemakers from across the Asia Pacific. Take a look at their week in Kuala Lumpur with @BarackObama, @MichelleObama and more: https://t.co/ywzvqox50Z""",Retweet,Twitter Media Studio,1416,8322,"""2293315159""","""The Obama Foundation""",obamafoundation,Verified,https://twitter.com/obamafoundation,Not Protected
"""1206744569443950597""",https://twitter.com/getuscovered/status/1206744569443950597,17/12/2019 01:15,"""Did you miss your chance to #GetCovered with affordable health coverage at https://t.co/p8DQwo89C7? 

Well you’re in luck: The deadline has been extended to 11:59pm PT on December 17th!

Sign up at https://t.co/p8DQwo89C7 now! https://t.co/7zF25SYeJJ""",Retweet,TweetDeck,956,3167,"""909779501546164224""","""Get America Covered""",getuscovered,Verified,https://twitter.com/getuscovered,Not Protected
"""1205880457545560066""",https://twitter.com/barackobama/status/1205880457545560066,14/12/2019 16:01,"""You can get the zen garden next week, but tomorrow is the last day to sign up for health coverage at https://t.co/ob1Ynoesod. This year, most current https://t.co/ob1Ynoesod customers can find an insurance plan with a monthly premium of $10 or less. Get covered today! https://t.co/tPDDSje2ej""",Tweet,Twitter for iPhone,11243,63056,"""813286""","""Barack Obama""",barackobama,Verified,https://twitter.com/barackobama,Not Protected
"""1205551025966456832""",https://twitter.com/barackobama/status/1205551025966456832,13/12/2019 18:12,"""It was remarkable to be back in the Asia-Pacific region with my sister this week, joined by hundreds of talented and optimistic @ObamaFoundation leaders. They’re making their mark on this region—and the whole world—and that's good for all of us. https://t.co/LsBwoZCliF""",Tweet,Twitter for iPhone,3939,45058,"""813286""","""Barack Obama""",barackobama,Verified,https://twitter.com/barackobama,Not Protected
"""1205328819185307648""",https://twitter.com/barackobama/status/1205328819185307648,13/12/2019 03:29,"""My sister Maya and I are about to take the stage at @ObamaFoundation Leaders: Asia-Pacific. We'll be talking about how growing up in this region made us who we are—and the opportunity today's young people have to shape the future. I hope you'll tune in at https://t.co/RobfhErMs1""",Tweet,Twitter Web App,3394,32205,"""813286""","""Barack Obama""",barackobama,Verified,https://twitter.com/barackobama,Not Protected
"""1204956846299209728""",https://twitter.com/michelleobama/status/1204956846299209728,12/12/2019 02:51,"""Julia Roberts, Deborah Henry, and I are about to take the stage at #ObamaLeaders: Asia-Pacific to reflect on our visit to Vietnam with the @girlsalliance and to share our reflections on leadership. Don’t miss it: https://t.co/Pm2rQgHUjN""",Retweet,Twitter for iPhone,1586,13357,"""409486555""","""Michelle Obama""",michelleobama,Verified,https://twitter.com/michelleobama,Not Protected
"""1204448901291487233""",https://twitter.com/barackobama/status/1204448901291487233,10/12/2019 17:12,"""I thought it was about time I share my holiday gift list — a few practical items, all $10 or less. The best one? Health care for you or somebody you care about. The deadline to sign up is December 15. Go to https://t.co/ob1Ynoesod and get covered. https://t.co/FCU2sRJeoq""",Tweet,Twitter Media Studio,21705,115308,"""813286""","""Barack Obama""",barackobama,Verified,https://twitter.com/barackobama,Not Protected
"""1204357605394702336""",https://twitter.com/barackobama/status/1204357605394702336,10/12/2019 11:10,"""In Vietnam I had the chance to sit down with some of our @ObamaFoundation leaders and alumni from across the Asia Pacific. From combating climate change in Vietnam to evaluating social impact in Indonesia, they're doing extraordinary work and expanding their impact together. https://t.co/3h2BiVzT2D""",Tweet,Twitter for iPhone,5103,63895,"""813286""","""Barack Obama""",barackobama,Verified,https://twitter.com/barackobama,Not Protected
"""1204103826338394118""",https://twitter.com/barackobama/status/1204103826338394118,09/12/2019 18:21,"""Because of Paul Volcker, our financial system is stronger and safer for the American people. I’ll remember Paul for his consummate wisdom, untethered honesty, and a level of dignity that matched his towering stature. I’m proud to have called him not just an adviser, but a friend. https://t.co/m3zFR6Q0UF""",Tweet,Twitter for iPhone,5118,50251,"""813286""","""Barack Obama""",barackobama,Verified,https://twitter.com/barackobama,Not Protected
"""1204067567112982528""",https://twitter.com/michelleobama/status/1204067567112982528,09/12/2019 15:57,"""What an incredible day in Vietnam with members of the @GirlsAlliance community!

Take a look at our visit to Cần Giuộc high school and then visit https://t.co/uAJh9LbSW0 to support projects that empower girls through education in Vietnam and around the world. https://t.co/dVJD5WGUmY""",Retweet,Twitter Media Studio,3936,26387,"""409486555""","""Michelle Obama""",michelleobama,Verified,https://twitter.com/michelleobama,Not Protected
"""1200024984355250176""",https://twitter.com/barackobama/status/1200024984355250176,28/11/2019 12:13,"""Today, we give thanks for our blessings, give back to those around us, and enjoy some time — and turkey, and maybe a little football — with the ones we love. From the Obama family to yours, Happy Thanksgiving. https://t.co/GEZSGaNSGe""",Tweet,Twitter for iPhone,41232,392080,"""813286""","""Barack Obama""",barackobama,Verified,https://twitter.com/barackobama,Not Protected
"""1199754566130114567""",https://twitter.com/barackobama/status/1199754566130114567,27/11/2019 18:19,"""Before arguing with friends or family around the Thanksgiving table, take a look at the science behind arguing better. And it'll never hurt to try this: ""Listen to people, get them to think about their own experience, and highlight your common humanity."" https://t.co/AZC9kpqoqx""",Tweet,Twitter for iPhone,28509,149491,"""813286""","""Barack Obama""",barackobama,Verified,https://twitter.com/barackobama,Not Protected
"""1198664487089430529""",https://twitter.com/barackobama/status/1198664487089430529,24/11/2019 18:07,"""Politicians shouldn’t be picking their voters. Voters should be picking their representatives. But unless we act, the status quo will remain in states all across the country. Let's make sure maps are drawn fairly when redistricting happens again in 2021: https://t.co/Pi2gd2B4bv""",Reply,Twitter for iPhone,6972,31611,"""813286""","""Barack Obama""",barackobama,Verified,https://twitter.com/barackobama,Not Protected
"""1198663630117572609""",https://twitter.com/barackobama/status/1198663630117572609,24/11/2019 18:04,"""Take a look at this piece to understand the very real consequences of gerrymandering. In Asheville, NC, we see what happens when district lines are drawn for maximum partisan advantage: It mean citizens’ voices are diminished. It means more polarization. https://t.co/CLBQLPfTsu""",Tweet,Twitter for iPhone,20991,88200,"""813286""","""Barack Obama""",barackobama,Verified,https://twitter.com/barackobama,Not Protected
"""1197909838061359104""",https://twitter.com/barackobama/status/1197909838061359104,22/11/2019 16:08,"""Young leaders like these are powering the promise of the Asia Pacific region. Michelle and I couldn’t be more impressed by their initiative. Can’t wait to join them in Malaysia next month. https://t.co/jrure7D6Uv""",Tweet,Twitter for iPhone,4321,44387,"""813286""","""Barack Obama""",barackobama,Verified,https://twitter.com/barackobama,Not Protected
"""1196498074660724736""",https://twitter.com/barackobama/status/1196498074660724736,18/11/2019 18:39,"""Proud to see Oluwaseun @AyodejiOsowobi in this list. She’s an @ObamaFoundation Leader who’s organizing young people in Nigeria to help end sexual violence, and her work embodies what our foundation is all about: passing the baton to the next generation. https://t.co/JSkUnRtaoD""",Tweet,Twitter for iPhone,8430,48994,"""813286""","""Barack Obama""",barackobama,Verified,https://twitter.com/barackobama,Not Protected
"""1193899910116052997""",https://twitter.com/barackobama/status/1193899910116052997,11/11/2019 14:34,"""Stories like this are a reminder of our duty, as a country and as Americans, to support every veteran—not only in words, but in deed. To every veteran out there, thank you. We’re forever in your debt.""",Reply,Twitter for iPhone,5330,44333,"""813286""","""Barack Obama""",barackobama,Verified,https://twitter.com/barackobama,Not Protected
"""1193899774182858752""",https://twitter.com/barackobama/status/1193899774182858752,11/11/2019 14:34,"""This Veterans Day, here’s a moving portrait of the extraordinary resilience of my friend Cory Remsburg, an Army Ranger I’ve come to know over the years. It’s an honest tribute to all those wounded warriors and their families who give so much to our country https://t.co/rBAMNk0zvb""",Tweet,Twitter for iPhone,20033,137654,"""813286""","""Barack Obama""",barackobama,Verified,https://twitter.com/barackobama,Not Protected
"""1192844105631649792""",https://twitter.com/barackobama/status/1192844105631649792,08/11/2019 16:39,"""No one says it better than @MichelleObama — the Obama Presidential Center coming to the South Side isn't for us, it's for the community and the next generation of leaders. https://t.co/aHHeNvAisn""",Tweet,Twitter for iPhone,10525,87053,"""813286""","""Barack Obama""",barackobama,Verified,https://twitter.com/barackobama,Not Protected
"""1192147846214160384""",https://twitter.com/barackobama/status/1192147846214160384,06/11/2019 18:32,"""Proud of all the Americans who showed up to vote yesterday, electing a set of hopeful, forward-thinking leaders primed to protect Medicaid, draw fair voting maps, and reduce gun violence. A great night for our country—one that’ll leave a lasting legacy.""",Tweet,Twitter for iPhone,33808,321158,"""813286""","""Barack Obama""",barackobama,Verified,https://twitter.com/barackobama,Not Protected
"""1190630834736443393""",https://twitter.com/barackobama/status/1190630834736443393,02/11/2019 14:04,"""Proud to endorse an outstanding group of Virginia Democrats in Tuesday’s election—candidates who’ll not only advance the causes of equality, justice, and decency, but help ensure that the next decade of voting maps are drawn fairly. That’s good policy—and good for our politics. https://t.co/IljmKBq7Gm""",Tweet,Twitter for iPhone,11729,69871,"""813286""","""Barack Obama""",barackobama,Verified,https://twitter.com/barackobama,Not Protected
"""1190281354321317889""",https://twitter.com/barackobama/status/1190281354321317889,01/11/2019 14:56,"""Today’s the first day of open enrollment on https://t.co/ob1Ynoesod, and high-quality coverage might be more affordable than you think. Nearly 9 in 10 https://t.co/ob1Ynoesod customers qualify for financial help—so if you or someone you know needs insurance, #GetCovered today.""",Tweet,Twitter for iPhone,25059,85239,"""813286""","""Barack Obama""",barackobama,Verified,https://twitter.com/barackobama,Not Protected
"""1189903829589999618""",https://twitter.com/barackobama/status/1189903829589999618,31/10/2019 13:55,"""Congrats to the World Champion @Nationals and their fans! A great group that always showed up when it counted and was never afraid to show a little joy: dancing in the dugout, laughing, believing, and always sticking together. A true team with a spirit that’d do us all well.""",Tweet,Twitter for iPhone,16500,183081,"""813286""","""Barack Obama""",barackobama,Verified,https://twitter.com/barackobama,Not Protected
"""1189289098604896257""",https://twitter.com/obamafoundation/status/1189289098604896257,29/10/2019 21:13,"""Watch live: @BarackObama is about to take the stage at the #ObamaSummit. Tune in now at https://t.co/aGSLPSV4Fe for his conversation with @YaraShahidi and young leaders from around the world. https://t.co/vfLsBKd1WP""",Retweet,Twitter Media Studio,2150,14599,"""2293315159""","""The Obama Foundation""",obamafoundation,Verified,https://twitter.com/obamafoundation,Not Protected
"""1189242996946026496""",https://twitter.com/obamafoundation/status/1189242996946026496,29/10/2019 18:10,"""Take a tour with @BarackObama through the future Obama Presidential Center on Chicago’s South Side. https://t.co/n5n6sxRz1E""",Retweet,Twitter Media Studio,3233,15282,"""2293315159""","""The Obama Foundation""",obamafoundation,Verified,https://twitter.com/obamafoundation,Not Protected
"""1188924481458331648""",https://twitter.com/barackobama/status/1188924481458331648,28/10/2019 21:04,"""Glad to be back in Chicago for the @ObamaFoundation Summit. It’s where I first learned to organize—and where I met @MichelleObama. We all have places that define us, and at the Summit, we’ll be exploring the meaning behind them—tune in tomorrow at https://t.co/swMRHuB5Y4. https://t.co/oymfsDZVnm""",Tweet,Twitter for iPhone,6226,51078,"""813286""","""Barack Obama""",barackobama,Verified,https://twitter.com/barackobama,Not Protected
"""1185207212085567488""",https://twitter.com/barackobama/status/1185207212085567488,18/10/2019 14:53,""".@SamanthaJPower is a Pulitzer winner, an incredible writer, and a great friend. Her memoir, The Education of an Idealist, grapples with the balance between idealism, pragmatism, advocacy, and governance. It's a must-read for anyone who cares about our role in a changing world.""",Tweet,Twitter for iPhone,6313,61147,"""813286""","""Barack Obama""",barackobama,Verified,https://twitter.com/barackobama,Not Protected
"""1184852494922453001""",https://twitter.com/barackobama/status/1184852494922453001,17/10/2019 15:23,"""Michelle and I are heartbroken over the passing of our friend, Elijah Cummings. May his example inspire more Americans to pick up the baton and carry it forward in a manner worthy of his service. https://t.co/lM2rES3PNV""",Tweet,Twitter for iPhone,11482,46399,"""813286""","""Barack Obama""",barackobama,Verified,https://twitter.com/barackobama,Not Protected
"""1184528998669389824""",https://twitter.com/barackobama/status/1184528998669389824,16/10/2019 17:58,"""I was proud to work with Justin Trudeau as President. He's a hard-working, effective leader who takes on big issues like climate change. The world needs his progressive leadership now, and I hope our neighbors to the north support him for another term.""",Tweet,Twitter for iPhone,44788,323063,"""813286""","""Barack Obama""",barackobama,Verified,https://twitter.com/barackobama,Not Protected
"""1184111029787222021""",https://twitter.com/barackobama/status/1184111029787222021,15/10/2019 14:17,"""In December, Michelle and I will head to Malaysia for the first @ObamaFoundation Leaders: Asia-Pacific gathering. The region plays an important role in my own story, and today, it’s home to a generation of rising leaders ready to create a better world. We can’t wait to join them. https://t.co/ldFDwXMi8J""",Tweet,Twitter for iPhone,6195,61416,"""813286""","""Barack Obama""",barackobama,Verified,https://twitter.com/barackobama,Not Protected
"""1183492717017554944""",https://twitter.com/barackobama/status/1183492717017554944,13/10/2019 21:20,"""Yesterday, marathoner Eliud Kipchoge became the first ever to break two hours. Today in Chicago, Brigid Kosgei set a new women’s world record. Staggering achievements on their own, they’re also remarkable examples of humanity’s ability to endure—and keep raising the bar.""",Tweet,Twitter for iPhone,30808,302010,"""813286""","""Barack Obama""",barackobama,Verified,https://twitter.com/barackobama,Not Protected
"""1182655118057103360""",https://twitter.com/barackobama/status/1182655118057103360,11/10/2019 13:52,"""Congrats to the @WashMystics on a gutsy, first-ever championship! A great team performance when it counted. If folks aren’t careful, this title thing might become a habit in DC.""",Tweet,Twitter for iPhone,5882,59124,"""813286""","""Barack Obama""",barackobama,Verified,https://twitter.com/barackobama,Not Protected
"""1182632451367211011""",https://twitter.com/michelleobama/status/1182632451367211011,11/10/2019 12:22,"""Happy #DayoftheGirl! I’m excited to share that in December, I’ll be visiting Vietnam to meet some of the inspiring girls from the @GirlsAlliance community and the organizations that work so hard to support their dreams. 
 
I can't wait to share their stories with you.""",Retweet,Twitter for iPhone,3581,37568,"""409486555""","""Michelle Obama""",michelleobama,Verified,https://twitter.com/michelleobama,Not Protected
"""1182018186146979840""",https://twitter.com/barackobama/status/1182018186146979840,09/10/2019 19:41,"""Here’s an interesting read—a reminder that behind every opinion lies a human being with real experiences and a story to tell. Sometimes we’ll agree and sometimes we won’t, but if we want our democracy work, listening to each other isn’t optional. https://t.co/8d4fPUprlu""",Tweet,Twitter for iPhone,11046,61511,"""813286""","""Barack Obama""",barackobama,Verified,https://twitter.com/barackobama,Not Protected
"""1181568448004050951""",https://twitter.com/barackobama/status/1181568448004050951,08/10/2019 13:54,"""As President, I leaned on @AmbassadorRice’s experience, expertise, and willingness to tell me what I needed to hear. In her memoir, Tough Love, you’ll see why. It’s a tribute to American leadership—and a unifying call for us to do our part to protect it. I hope you’ll read it. https://t.co/7iUWt76xUw""",Tweet,Twitter for iPhone,8998,93750,"""813286""","""Barack Obama""",barackobama,Verified,https://twitter.com/barackobama,Not Protected
"""1179760725973184513""",https://twitter.com/barackobama/status/1179760725973184513,03/10/2019 14:10,"""Like the Beatles said: It’s getting better all the time. Thanks, babe, for 27 amazing years! https://t.co/mImRqIYn1R""",Tweet,Twitter for iPhone,214507,1915968,"""813286""","""Barack Obama""",barackobama,Verified,https://twitter.com/barackobama,Not Protected
"""1176527551684141056""",https://twitter.com/barackobama/status/1176527551684141056,24/09/2019 16:03,"""On National Voter Registration Day, it’s up to us as citizens to make sure everyone we know can make their voices heard at the ballot box. Check and update your registration at https://t.co/NKXRGNgbZX — and tell your friends, too.""",Tweet,Twitter for iPhone,17640,65173,"""813286""","""Barack Obama""",barackobama,Verified,https://twitter.com/barackobama,Not Protected
"""1175147135303585798""",https://twitter.com/barackobama/status/1175147135303585798,20/09/2019 20:38,"""One challenge will define the future for today’s young generation more dramatically than any other: Climate change. The millions of young people worldwide who’ve organized and joined today’s #ClimateStrike demand action to protect our planet, and they deserve it.""",Tweet,Twitter for iPhone,40036,248471,"""813286""","""Barack Obama""",barackobama,Verified,https://twitter.com/barackobama,Not Protected
"""1174056583610949632""",https://twitter.com/barackobama/status/1174056583610949632,17/09/2019 20:24,"""Just 16, @GretaThunberg is already one of our planet’s greatest advocates. Recognizing that her generation will bear the brunt of climate change, she’s unafraid to push for real action. She embodies our vision at the @ObamaFoundation: A future shaped by young leaders like her. https://t.co/VgCPAaDp3C""",Tweet,Twitter for iPhone,54505,353709,"""813286""","""Barack Obama""",barackobama,Verified,https://twitter.com/barackobama,Not Protected
"""1172210852415643650""",https://twitter.com/barackobama/status/1172210852415643650,12/09/2019 18:10,"""That’s what Americans do when others are in need – we help. We give. We inspire. Want to make a difference? There are a number of ways you can help right here: https://t.co/cnRcAfNIk2""",Reply,Twitter for iPhone,3033,17065,"""813286""","""Barack Obama""",barackobama,Verified,https://twitter.com/barackobama,Not Protected
"""1172210761583812616""",https://twitter.com/barackobama/status/1172210761583812616,12/09/2019 18:09,"""Jermaine Bell is just six years old, but when he saw people in need, he took the money he’d been saving for a trip to Disney World and spent it on food and water for South Carolina evacuees.
https://t.co/H6xBIW4Ka0""",Reply,Twitter for iPhone,3117,24316,"""813286""","""Barack Obama""",barackobama,Verified,https://twitter.com/barackobama,Not Protected
"""1172210649654616067""",https://twitter.com/barackobama/status/1172210649654616067,12/09/2019 18:09,"""Bahamian families and communities face a long recovery from Hurricane Dorian. And Americans are reaching out to help. Brittany Garvin is helping people reunite and evacuate. https://t.co/k5hXu68RPH""",Tweet,Twitter for iPhone,8727,57010,"""813286""","""Barack Obama""",barackobama,Verified,https://twitter.com/barackobama,Not Protected
"""1171760194898059266""",https://twitter.com/barackobama/status/1171760194898059266,11/09/2019 12:19,"""As we remember those we lost on 9/11, we also remember the spirit of unity and togetherness that defined the weeks and months after. On this day of service, I’m reflecting on all those still working to embrace that spirit, today and every day. https://t.co/y8x9PVcwDl""",Tweet,Twitter for iPhone,32871,184198,"""813286""","""Barack Obama""",barackobama,Verified,https://twitter.com/barackobama,Not Protected
"""1171090934257397760""",https://twitter.com/barackobama/status/1171090934257397760,09/09/2019 16:00,"""Marca had a remarkable way of bringing out the best within us. For me, she was a trusted voice and a persistent, buoyant spirit—an example that progress can be slow, but it’s always possible. We’ll miss her, but we’re far better off because of her fight. https://t.co/gVkQvENtIs""",Tweet,Twitter for iPhone,5878,43785,"""813286""","""Barack Obama""",barackobama,Verified,https://twitter.com/barackobama,Not Protected
"""1169326512706936833""",https://twitter.com/barackobama/status/1169326512706936833,04/09/2019 19:09,"""Yesterday’s ruling is a big win for North Carolina—and for all of us. Voters should choose their representatives, not the other way around. This win is proof that change is always within our reach, on gerrymandering, voting rights, and much more. https://t.co/sVlKm1JaIt""",Tweet,Twitter for iPhone,21803,124662,"""813286""","""Barack Obama""",barackobama,Verified,https://twitter.com/barackobama,Not Protected
"""1166808878807470086""",https://twitter.com/barackobama/status/1166808878807470086,28/08/2019 20:24,"""Saw this story of a young person doing great work and wanted to share it—keep it up, David! That’s some creative organizing.
https://t.co/bbkbf7vygr""",Tweet,Twitter for iPhone,10582,70640,"""813286""","""Barack Obama""",barackobama,Verified,https://twitter.com/barackobama,Not Protected
"""1166068183289253889""",https://twitter.com/barackobama/status/1166068183289253889,26/08/2019 19:21,"""Training is at the heart of organizing. It’s why I’ve always made it a priority – from my 2008 campaign until now. And it’s why I’m proud to announce @allontheline’s in-person training initiative, Redistricting U. Join us: https://t.co/yrWJ50wSdE https://t.co/HiKvGd2XyE""",Tweet,Twitter for iPhone,4289,22081,"""813286""","""Barack Obama""",barackobama,Verified,https://twitter.com/barackobama,Not Protected
"""1165286625208950784""",https://twitter.com/barackobama/status/1165286625208950784,24/08/2019 15:35,"""With summer winding down, here’s a sampling of what Michelle and I have been listening to — some new, some old, some fast, some slow. Hope you enjoy. https://t.co/BS5ri1lvxz""",Tweet,Twitter for iPhone,114970,692925,"""813286""","""Barack Obama""",barackobama,Verified,https://twitter.com/barackobama,Not Protected
"""1164192919047299072""",https://twitter.com/barackobama/status/1164192919047299072,21/08/2019 15:09,"""A good story gives you the chance to better understand someone else’s life. It can help you find common ground. And it’s why Michelle and I were drawn to Higher Ground’s first film, American Factory. Take a look at our conversation with the directors, and check it out on Netflix. https://t.co/KzkYFqjrFV""",Tweet,Twitter Media Studio,23384,129293,"""813286""","""Barack Obama""",barackobama,Verified,https://twitter.com/barackobama,Not Protected
"""1158764847800213507""",https://twitter.com/barackobama/status/1158764847800213507,06/08/2019 15:40,"""Toni Morrison was a national treasure, as good a storyteller, as captivating, in person as she was on the page. Her writing was a beautiful, meaningful challenge to our conscience and our moral imagination. What a gift to breathe the same air as her, if only for a while. https://t.co/JG7Jgu4p9t""",Tweet,Twitter for iPhone,52989,354757,"""813286""","""Barack Obama""",barackobama,Verified,https://twitter.com/barackobama,Not Protected
"""1158453251337007106""",https://twitter.com/barackobama/status/1158453251337007106,05/08/2019 19:02,"""Until all of us stand up and insist on holding public officials accountable for changing our gun laws, these tragedies will keep happening: https://t.co/reTnmcg3xo""",Reply,Twitter for iPhone,32548,169422,"""813286""","""Barack Obama""",barackobama,Verified,https://twitter.com/barackobama,Not Protected
"""1158453079035002881""",https://twitter.com/barackobama/status/1158453079035002881,05/08/2019 19:01,"""https://t.co/nNOVtQ50O4""",Tweet,Twitter for iPhone,295783,1014815,"""813286""","""Barack Obama""",barackobama,Verified,https://twitter.com/barackobama,Not Protected
"""1157016227681918981""",https://twitter.com/barackobama/status/1157016227681918981,01/08/2019 19:52,"""The families of our wounded warriors don't often get a lot of fanfare, but they're serving and sacrificing right alongside their loved ones. We all owe a debt to them, too, and Fisher House is always making sure we're serving those who serve us. https://t.co/dqnvNk9cQR""",Tweet,Twitter for iPhone,22023,151451,"""813286""","""Barack Obama""",barackobama,Verified,https://twitter.com/barackobama,Not Protected
"""1156618530814603266""",https://twitter.com/barackobama/status/1156618530814603266,31/07/2019 17:32,"""Recent court decisions make it clear that the change we need to restore our democracy has to come from the ground up. @Allontheline’s work to ensure an accurate census count and achieve fair maps in 2021 has never been more important. Join us today: https://t.co/d9zwitUNOa https://t.co/mEbwKCDUiP""",Tweet,Twitter for iPhone,6719,32908,"""813286""","""Barack Obama""",barackobama,Verified,https://twitter.com/barackobama,Not Protected
"""1155543273005600768""",https://twitter.com/barackobama/status/1155543273005600768,28/07/2019 18:19,"""Here’s a worthwhile Sunday read: “…nothing should temper partisanship more than an awareness that somewhere, on some issue, people with whom you disagree are telling a story that you really need to hear.” https://t.co/tpdMZ9hJoE""",Tweet,Twitter for iPhone,11441,61664,"""813286""","""Barack Obama""",barackobama,Verified,https://twitter.com/barackobama,Not Protected
"""1155176452112994306""",https://twitter.com/barackobama/status/1155176452112994306,27/07/2019 18:01,"""I’ve always been proud of what this team accomplished during my administration. But more than what we did, I’m proud of how they’re continuing to fight for an America that’s better. https://t.co/0cfDltjueP""",Tweet,Twitter for iPhone,33773,180267,"""813286""","""Barack Obama""",barackobama,Verified,https://twitter.com/barackobama,Not Protected
"""1154489694341804032""",https://twitter.com/obamafoundation/status/1154489694341804032,25/07/2019 20:32,"""Leaders: Africa may have ended, but 200 inspiring #ObamaLeaders returned to their homes with the new connections and fresh perspectives that will help them change the future. https://t.co/7CTavugKd7 https://t.co/Bm7VgpjTRO""",Retweet,Twitter Media Studio,1518,9394,"""2293315159""","""The Obama Foundation""",obamafoundation,Verified,https://twitter.com/obamafoundation,Not Protected
"""1153772529271615488""",https://twitter.com/barackobama/status/1153772529271615488,23/07/2019 21:03,"""Economist Raj Chetty is not only identifying the decline in opportunity we’ve seen in recent decades—but trying to reverse it. Inequality, like many problems we face, is as vast as it is complex. But this article left me a little more hopeful: https://t.co/CcsXpVVfkP""",Reply,Twitter for iPhone,4131,24652,"""813286""","""Barack Obama""",barackobama,Verified,https://twitter.com/barackobama,Not Protected
"""1153772394332512256""",https://twitter.com/barackobama/status/1153772394332512256,23/07/2019 21:02,"""Here are a couple of articles backed by new research that are worth taking a look at: A new study on the Medicaid expansion my administration fought for under the Affordable Care Act—and how these policy decisions affect lives in real terms: https://t.co/Lj4g7lGFnq""",Tweet,Twitter for iPhone,13573,64178,"""813286""","""Barack Obama""",barackobama,Verified,https://twitter.com/barackobama,Not Protected
"""1152589017583685632""",https://twitter.com/barackobama/status/1152589017583685632,20/07/2019 14:40,"""In America, we don’t fear the future, we embrace it. 50 years ago, that spirit took us to the moon. Today, it’s embodied by people like Tiffany Davis. She’s a young rocket scientist who is helping us explore the next frontier, wherever that might take us. https://t.co/a573n8hqtG""",Tweet,Twitter for iPhone,17777,120771,"""813286""","""Barack Obama""",barackobama,Verified,https://twitter.com/barackobama,Not Protected
"""1152303775236919296""",https://twitter.com/michelleobama/status/1152303775236919296,19/07/2019 19:46,"""What truly makes our country great is its diversity. I’ve seen that beauty in so many ways over the years. Whether we are born here or seek refuge here, there’s a place for us all. We must remember it’s not my America or your America. It’s our America.""",Retweet,Twitter for iPhone,127239,589440,"""409486555""","""Michelle Obama""",michelleobama,Verified,https://twitter.com/michelleobama,Not Protected
"""1151920811093237760""",https://twitter.com/barackobama/status/1151920811093237760,18/07/2019 18:24,"""#MandelaDay reminds us that when things feel dark, confusing, or impossible—take a look back at his writings. There, we see how a belief in the dignity of every person can be made real, an unwavering hope to steel us along our own long walks toward something better. https://t.co/fKgrVRiHhc""",Tweet,Twitter for iPhone,26239,150471,"""813286""","""Barack Obama""",barackobama,Verified,https://twitter.com/barackobama,Not Protected
"""1151621137979383808""",https://twitter.com/barackobama/status/1151621137979383808,17/07/2019 22:34,"""I have a good feeling about these Chicago @UrbanAlliance interns. Thanks for letting me spend yesterday afternoon with you—you’re going to go on to do incredible things and make many people proud. In fact, you already have. https://t.co/ZjzFQmBQqm""",Tweet,Twitter Media Studio,17263,141422,"""813286""","""Barack Obama""",barackobama,Verified,https://twitter.com/barackobama,Not Protected
"""1149008015716233216""",https://twitter.com/barackobama/status/1149008015716233216,10/07/2019 17:30,"""The @ObamaFoundation is helping a new generation of leaders make their mark, and there’s an extraordinary group gathering this week for Obama Leaders: Africa. Their work will help unlock the incredible promise of the continent—and make the world better for all of us. https://t.co/rnPHn9UuEn""",Tweet,Twitter Media Studio,8165,57514,"""813286""","""Barack Obama""",barackobama,Verified,https://twitter.com/barackobama,Not Protected
"""1148940273411661824""",https://twitter.com/barackobama/status/1148940273411661824,10/07/2019 13:01,"""Proud to rep America’s best team! Congrats @USWNT and thanks for being such a strong inspiration for women and girls—and everybody—all across the country. https://t.co/9Gp6UTZhEE""",Tweet,Twitter for iPhone,58600,530111,"""813286""","""Barack Obama""",barackobama,Verified,https://twitter.com/barackobama,Not Protected
"""1147918213952360448""",https://twitter.com/barackobama/status/1147918213952360448,07/07/2019 17:20,"""Yes! Fourth star. Back to back. Congrats to the record breakers on the @USWNT, an incredible team that’s always pushing themselves—and the rest of us—to be even better. Love this team. #OneNationOneTeam""",Tweet,Twitter for iPhone,61785,464808,"""813286""","""Barack Obama""",barackobama,Verified,https://twitter.com/barackobama,Not Protected
"""1147878620301549568""",https://twitter.com/michelleobama/status/1147878620301549568,07/07/2019 14:42,"""Good luck to the @USWNT! You all are some of the most fearless, powerful, awe-inspiring athletes I’ve ever seen—and together, you’re nothing short of extraordinary. #OneNationOneTeam""",Retweet,Twitter for iPhone,12717,132411,"""409486555""","""Michelle Obama""",michelleobama,Verified,https://twitter.com/michelleobama,Not Protected
"""1146756584246263808""",https://twitter.com/barackobama/status/1146756584246263808,04/07/2019 12:24,"""Happy Fourth of July, everybody! This is always a great day in the Obama family: a chance to celebrate America—and Malia’s birthday, too. Hope all of you are able to get some time with friends, family, and fireworks. https://t.co/Gn9kVCCnuf""",Tweet,Twitter for iPhone,55401,553216,"""813286""","""Barack Obama""",barackobama,Verified,https://twitter.com/barackobama,Not Protected
"""1146460662832541697""",https://twitter.com/barackobama/status/1146460662832541697,03/07/2019 16:48,"""I’m admittedly biased, but this article gibes with my experience about what all of us might take away from the “aloha spirit.” https://t.co/TCgvZYzuHe""",Tweet,Twitter for iPhone,10541,80719,"""813286""","""Barack Obama""",barackobama,Verified,https://twitter.com/barackobama,Not Protected
"""1146180070467391489""",https://twitter.com/barackobama/status/1146180070467391489,02/07/2019 22:13,"""Congrats to the USWNT! A great performance from a great team—looking forward to Sunday. #OneNationOneTeam""",Tweet,Twitter for iPhone,16203,183776,"""813286""","""Barack Obama""",barackobama,Verified,https://twitter.com/barackobama,Not Protected
"""1146140164122697735""",https://twitter.com/barackobama/status/1146140164122697735,02/07/2019 19:34,"""No one changes the world alone. That’s why the @ObamaFoundation is connecting emerging leaders from South Africa to Singapore to the South Side of Chicago—so they can change the world together. Read my reflection on our second year: https://t.co/ly3en2Neu4""",Tweet,Twitter for iPhone,4945,32496,"""813286""","""Barack Obama""",barackobama,Verified,https://twitter.com/barackobama,Not Protected
"""1145724532700983296""",https://twitter.com/barackobama/status/1145724532700983296,01/07/2019 16:03,"""The most important job in our democracy is citizen. If you’re tired of politicians manipulating maps and ignoring the will of voters, I hope you’ll sign @allontheline’s Citizen Commitment today: https://t.co/CUAaoAGY6z""",Tweet,Twitter for iPhone,13103,53927,"""813286""","""Barack Obama""",barackobama,Verified,https://twitter.com/barackobama,Not Protected
"""1144650730256683009""",https://twitter.com/barackobama/status/1144650730256683009,28/06/2019 16:56,"""50 years ago, history was written at the Stonewall Inn when New York's LGBT community stood up, spoke out, and started a movement. In 2016 I was proud to designate it as a national monument—a reminder the arc of our history is an arc of progress as long as we keep pushing for it. https://t.co/xyvYfuoJwK""",Tweet,Twitter for iPhone,26503,182093,"""813286""","""Barack Obama""",barackobama,Verified,https://twitter.com/barackobama,Not Protected
"""1144336622814674951""",https://twitter.com/barackobama/status/1144336622814674951,27/06/2019 20:08,"""What a gift to come across this interview with Julia “Hurricane” Hawkins. I’m as grateful for her life advice as I am impressed by her 100-meter dash time. https://t.co/8lc9Cimqyt""",Tweet,Twitter for iPhone,6953,67005,"""813286""","""Barack Obama""",barackobama,Verified,https://twitter.com/barackobama,Not Protected
"""1142133432698454018""",https://twitter.com/barackobama/status/1142133432698454018,21/06/2019 18:13,"""Now we’re talking! Congrats to Team USA for moving on, and thanks for continuing to make us all proud. #USA https://t.co/DVkKBfU6wA""",Tweet,Twitter Web Client,7803,89215,"""813286""","""Barack Obama""",barackobama,Verified,https://twitter.com/barackobama,Not Protected
"""1141390520956194816""",https://twitter.com/barackobama/status/1141390520956194816,19/06/2019 17:01,"""On Juneteenth, we celebrate our capacity to make real the promise of our founding, that thing inside each of us that says America is not yet finished, that compels all of us to fight for justice and equality until this country we love more closely aligns with our highest ideals. https://t.co/2XAKRuRrbG""",Reply,Twitter for iPhone,23195,159410,"""813286""","""Barack Obama""",barackobama,Verified,https://twitter.com/barackobama,Not Protected
"""1141390367352401920""",https://twitter.com/barackobama/status/1141390367352401920,19/06/2019 17:00,"""Outside the Oval Office, I kept a painting of a small crowd huddled around a pocketwatch, waiting for the moment the Emancipation Proclamation took effect. On Juneteenth, we celebrate the anniversary of that news - freedom - reaching slaves in Texas. And something more: https://t.co/kSkLHbfnc3""",Tweet,Twitter for iPhone,47288,288436,"""813286""","""Barack Obama""",barackobama,Verified,https://twitter.com/barackobama,Not Protected
"""1141047405560942592""",https://twitter.com/barackobama/status/1141047405560942592,18/06/2019 18:17,"""This is worth a read: a thought-provoking reminder that education reform isn’t a cure-all. As a supporter of education reform, I agree that fixing educational inequality requires doing more to address the broader, systemic sources of economic inequality. https://t.co/96B7fkBM4u""",Tweet,Twitter for iPhone,9020,46535,"""813286""","""Barack Obama""",barackobama,Verified,https://twitter.com/barackobama,Not Protected
"""1140320216041316352""",https://twitter.com/barackobama/status/1140320216041316352,16/06/2019 18:08,"""Yes we can, Greta. I’m hopeful because of you and all the young people who are fighting to protect the planet. Keep at it. https://t.co/sUBwC0uNW8""",Tweet,Twitter for iPhone,31127,236006,"""813286""","""Barack Obama""",barackobama,Verified,https://twitter.com/barackobama,Not Protected
"""1140254463183249409""",https://twitter.com/barackobama/status/1140254463183249409,16/06/2019 13:47,"""Happy Father’s Day to Charles, one of our @ObamaFoundation Fellows, and all the dads at Fathers’ Uplift. Today, we’re celebrating fathers like these who provide a powerful example—not only for their kids, but for the rest of us, too. https://t.co/GJsxi8DozY""",Tweet,Twitter Media Studio,11986,79634,"""813286""","""Barack Obama""",barackobama,Verified,https://twitter.com/barackobama,Not Protected
"""1139636426730029057""",https://twitter.com/obamafoundation/status/1139636426730029057,14/06/2019 20:51,"""These young people want to take action and make a change. Through the #CommunityLeadership Corps in Chicago and Hartford, we’re going to help them see it through: https://t.co/CWda5O8X4O""",Retweet,Twitter Media Studio,1353,8819,"""2293315159""","""The Obama Foundation""",obamafoundation,Verified,https://twitter.com/obamafoundation,Not Protected
"""1138479890389458945""",https://twitter.com/barackobama/status/1138479890389458945,11/06/2019 16:15,"""The @USWNT is something to smile about. It was great to celebrate with them back in 2015 and I'm excited to root them on in their drive to earn their fourth star. Best of luck to these champions for equality, on and off the field. #OneNationOneTeam https://t.co/AHcHGATy5S""",Tweet,Twitter for iPhone,12331,102396,"""813286""","""Barack Obama""",barackobama,Verified,https://twitter.com/barackobama,Not Protected
"""1138111627063169025""",https://twitter.com/barackobama/status/1138111627063169025,10/06/2019 15:52,"""Six years ago, David Ortiz's spirit and resolve helped us all begin to heal from the Boston Marathon bombing. Today, I want to join many others in wishing him a speedy recovery of his own. Get well soon, Papi. https://t.co/9orpBgnVI5""",Tweet,Twitter for iPhone,29230,196122,"""813286""","""Barack Obama""",barackobama,Verified,https://twitter.com/barackobama,Not Protected
"""1137003102576488450""",https://twitter.com/barackobama/status/1137003102576488450,07/06/2019 14:27,"""Last week, it was Virginia Beach. But day after day and year after year, too many families and communities are shattered by senseless gun violence. We can't get numb to this. On National Gun Violence Awareness Day, pledge to speak out, #WearOrange — and vote — to protect lives.""",Tweet,Twitter for iPhone,31869,173179,"""813286""","""Barack Obama""",barackobama,Verified,https://twitter.com/barackobama,Not Protected
"""1136742708456886272""",https://twitter.com/obamafoundation/status/1136742708456886272,06/06/2019 21:12,"""Courage is contagious. Watch some of the courageous students who won our first-ever Civic Action Recognition Awards, hosted with @ChiPubSchools. They’re showing us that you’re never too young to lead: https://t.co/zTnG8dlOtl https://t.co/yrAuqac4qx""",Retweet,Twitter Media Studio,1284,8920,"""2293315159""","""The Obama Foundation""",obamafoundation,Verified,https://twitter.com/obamafoundation,Not Protected
"""1135961119066079234""",https://twitter.com/barackobama/status/1135961119066079234,04/06/2019 17:26,"""You've got a lot to be proud of, Jiwandeep. Thanks for everything you do to make this country a little more equal. Turban looks great, by the way. Happy Pride Month, everybody! https://t.co/SO7mgnOkgl""",Tweet,Twitter for iPhone,83431,568647,"""813286""","""Barack Obama""",barackobama,Verified,https://twitter.com/barackobama,Not Protected
"""1135652276515823617""",https://twitter.com/barackobama/status/1135652276515823617,03/06/2019 20:59,"""What a life. American history has always been driven by visionaries like Leah Chase—and all the men and women who worked and ate at Dooky Chase’s over the years—folks who serve up progress one bowl of gumbo at a time. https://t.co/2LpuIbxvHk https://t.co/Y4i5snKjn7""",Tweet,Twitter for iPhone,8219,75587,"""813286""","""Barack Obama""",barackobama,Verified,https://twitter.com/barackobama,Not Protected
"""1134190885036535809""",https://twitter.com/barackobama/status/1134190885036535809,30/05/2019 20:12,"""A story worth sharing: Twelve years ago, Brian joined my first presidential campaign. Two years ago, he was diagnosed with ALS and launched @iamalsorg to find a cure. Brian and Sandra wake up every day believing that we can win this fight—and that makes me hopeful, too. https://t.co/eETCgFnLgP""",Tweet,Twitter Media Studio,14346,90017,"""813286""","""Barack Obama""",barackobama,Verified,https://twitter.com/barackobama,Not Protected
"""1134116519066165249""",https://twitter.com/barackobama/status/1134116519066165249,30/05/2019 15:17,"""Exciting to see the faces of Colombia's future at an @ObamaFoundation roundtable with young leaders in Bogotá. Their creativity, their compassion, and their drive to improve their country are promising signs of what's to come. https://t.co/HrhreUuPMa""",Tweet,Twitter for iPhone,4837,41372,"""813286""","""Barack Obama""",barackobama,Verified,https://twitter.com/barackobama,Not Protected
"""1133031835880099840""",https://twitter.com/barackobama/status/1133031835880099840,27/05/2019 15:26,"""On Memorial Day, we remember all those who gave everything for something greater than themselves. It's up to us to not simply reflect on their sacrifice but to honor it with service of our own—and by living out the values they fought for. https://t.co/tZx3qcHnfV""",Tweet,Twitter for iPhone,41759,277698,"""813286""","""Barack Obama""",barackobama,Verified,https://twitter.com/barackobama,Not Protected
"""1131562241478864896""",https://twitter.com/barackobama/status/1131562241478864896,23/05/2019 14:07,"""Great to get out there and take a few cuts at the plate yesterday—I had a blast with all these extraordinary young people. Thanks for letting me drop in and thanks to the Nationals Youth Academy for the outstanding work you do to support youth in DC. https://t.co/GKRMd8kZxm""",Tweet,Twitter for iPhone,14679,115264,"""813286""","""Barack Obama""",barackobama,Verified,https://twitter.com/barackobama,Not Protected
"""1130602351943913479""",https://twitter.com/obamafoundation/status/1130602351943913479,20/05/2019 22:33,"""Congratulations on the inauguration of @ChicagosMayor Lori Lightfoot, Treasurer Melissa Conyears-Ervin, @ChiCityClerk Anna Valencia, and the new City Council.

Watch President @BarackObama's message to Chicagoans on this historic day. https://t.co/NF9vXP3HSi""",Retweet,Twitter Media Studio,2394,18358,"""2293315159""","""The Obama Foundation""",obamafoundation,Verified,https://twitter.com/obamafoundation,Not Protected
"""1130546280286117890""",https://twitter.com/barackobama/status/1130546280286117890,20/05/2019 18:50,"""Here’s a great story: While we’ve still got a lot of work to do to make college affordable for everyone, that didn’t stop Robert F. Smith from seizing an opportunity to make a difference. He’s erasing the student loan debt for this year’s @Morehouse grads. https://t.co/I3X38Pbpjz""",Tweet,Twitter for iPhone,17144,117753,"""813286""","""Barack Obama""",barackobama,Verified,https://twitter.com/barackobama,Not Protected
"""1127597365978959872""",https://twitter.com/barackobama/status/1127597365978959872,12/05/2019 15:32,"""Happy Mother's Day to the most caring, brilliant, funny, and grounded woman I know—a perfect role model not just for our daughters, but so many others. Love you, @MichelleObama. https://t.co/liWmYaEPVk""",Tweet,Twitter for iPhone,53245,731419,"""813286""","""Barack Obama""",barackobama,Verified,https://twitter.com/barackobama,Not Protected
"""1126521793211248640""",https://twitter.com/barackobama/status/1126521793211248640,09/05/2019 16:18,"""As part of the @ObamaFoundation, moms like Dr. Mwansa Ketty Lubeya are answering the call for change—and raising the next generation of leaders while they’re at it. https://t.co/llToyKG2Y7""",Tweet,Twitter for iPhone,4242,33705,"""813286""","""Barack Obama""",barackobama,Verified,https://twitter.com/barackobama,Not Protected
"""1125431130331783169""",https://twitter.com/michelleobama/status/1125431130331783169,06/05/2019 16:04,"""Congratulations, Meghan and Harry! Barack and I are so thrilled for both of you and can't wait to meet him. #RoyalBaby https://t.co/mfE7uc6ooV""",Retweet,Twitter Web Client,13473,158961,"""409486555""","""Michelle Obama""",michelleobama,Verified,https://twitter.com/michelleobama,Not Protected
"""1123691238803288066""",https://twitter.com/barackobama/status/1123691238803288066,01/05/2019 20:50,"""Happy #CollegeSigningDay, everybody! I'm proud of every student out there who's taking the next step in their education. It's the best thing you can do for yourself and your future. https://t.co/SZQaUG2Zze""",Tweet,Twitter for iPhone,14001,119455,"""813286""","""Barack Obama""",barackobama,Verified,https://twitter.com/barackobama,Not Protected
"""1123324075387052032""",https://twitter.com/barackobama/status/1123324075387052032,30/04/2019 20:31,"""Condolences to the family of John Singleton. His seminal work, Boyz n the Hood, remains one of the most searing, loving portrayals of the challenges facing inner-city youth. He opened doors for filmmakers of color to tell powerful stories that have been too often ignored.""",Tweet,Twitter for iPhone,25379,210186,"""813286""","""Barack Obama""",barackobama,Verified,https://twitter.com/barackobama,Not Protected
"""1123238896882651137""",https://twitter.com/barackobama/status/1123238896882651137,30/04/2019 14:53,"""Congratulations to the new class of @ObamaFoundation Fellows! Their work in every region of the globe is already making the world better, and I hope this experience helps them make an even bigger impact. https://t.co/azK2Y9Iw5c https://t.co/tuKO1SFhSK""",Tweet,Twitter Media Studio,7386,51915,"""813286""","""Barack Obama""",barackobama,Verified,https://twitter.com/barackobama,Not Protected
"""1122580319109091328""",https://twitter.com/barackobama/status/1122580319109091328,28/04/2019 19:16,"""For thirty-six years, Richard Lugar proved that pragmatism and decency work—not only in Washington but all over the world. Michelle and I send our warmest sympathies to his family and all those who had the privilege of knowing this American statesman. https://t.co/Oy5DzPwkGb""",Tweet,Twitter Web Client,8993,70327,"""813286""","""Barack Obama""",barackobama,Verified,https://twitter.com/barackobama,Not Protected
"""1120795062668075009""",https://twitter.com/barackobama/status/1120795062668075009,23/04/2019 21:02,"""Dominique’s story is a reminder to us that where you’re from shouldn’t define what you can achieve. I’m proud of her and all students striving for a better future. https://t.co/eD95oWrOk4""",Tweet,Twitter for iPhone,6133,52235,"""813286""","""Barack Obama""",barackobama,Verified,https://twitter.com/barackobama,Not Protected
"""1120412132036706305""",https://twitter.com/barackobama/status/1120412132036706305,22/04/2019 19:40,"""This generation of climate activists is tired of inaction, and they've caught the attention of leaders all over the world. So while this challenge is only getting more urgent, they show us the kind of action it'll take to meet this moment.""",Reply,Twitter Web Client,6572,53080,"""813286""","""Barack Obama""",barackobama,Verified,https://twitter.com/barackobama,Not Protected
"""1120411993905799171""",https://twitter.com/barackobama/status/1120411993905799171,22/04/2019 19:40,"""And in the U.S., 13-year old @AlexandriaV2005 of New York, 13-year old @havenruthie of Denver, and 16-year old @israhirsi of Minneapolis are some of the young people leading the fight at home. I hope more of us will follow their example. https://t.co/qe08CGHBEI""",Reply,Twitter Web Client,5158,45995,"""813286""","""Barack Obama""",barackobama,Verified,https://twitter.com/barackobama,Not Protected
"""1120411854420041729""",https://twitter.com/barackobama/status/1120411854420041729,22/04/2019 19:39,"""I met 23-year-old @luisamneubauer in Berlin earlier this month. Luisa, the organizer behind the student movement in Germany, says, “It’s our future and we’re not going to stop fighting for it.” https://t.co/hS03PCWYAq""",Reply,Twitter Web Client,2186,15695,"""813286""","""Barack Obama""",barackobama,Verified,https://twitter.com/barackobama,Not Protected
"""1120411734316023809""",https://twitter.com/barackobama/status/1120411734316023809,22/04/2019 19:39,"""They're people like 16-year-old @GretaThunberg, whose protests at Swedish parliament sparked a movement. Inspired by Greta's action, Fridays for Future brought together more than a million strikers on every continent last month to demand action on climate. https://t.co/un7nBhEF8i""",Reply,Twitter Web Client,4692,25192,"""813286""","""Barack Obama""",barackobama,Verified,https://twitter.com/barackobama,Not Protected
"""1120411621304750088""",https://twitter.com/barackobama/status/1120411621304750088,22/04/2019 19:38,"""Young people all over the world are leading the way in the fight to protect our planet because they know their future depends on it. This Earth Day, I want to celebrate the courageous, committed young leaders who are stepping up to save the one planet we've got.""",Tweet,Twitter Web Client,49276,294683,"""813286""","""Barack Obama""",barackobama,Verified,https://twitter.com/barackobama,Not Protected
"""1119993208149282818""",https://twitter.com/barackobama/status/1119993208149282818,21/04/2019 15:56,"""To all who celebrate today, happy Easter from our family to yours! On this day of rebirth and renewal, let’s recommit to love and serve our brothers and sisters, especially those in need, in every way we can. Have a great day, everybody. https://t.co/BtMyWebGLw""",Tweet,Twitter for iPhone,46297,520329,"""813286""","""Barack Obama""",barackobama,Verified,https://twitter.com/barackobama,Not Protected
"""1119964696810070017""",https://twitter.com/barackobama/status/1119964696810070017,21/04/2019 14:02,"""The attacks on tourists and Easter worshippers in Sri Lanka are an attack on humanity. On a day devoted to love, redemption, and renewal, we pray for the victims and stand with the people of Sri Lanka.""",Tweet,Twitter for iPhone,91344,522193,"""813286""","""Barack Obama""",barackobama,Verified,https://twitter.com/barackobama,Not Protected
"""1117886698568830976""",https://twitter.com/barackobama/status/1117886698568830976,15/04/2019 20:25,"""Notre Dame is one of the world’s great treasures, and we’re thinking of the people of France in your time of grief. It’s in our nature to mourn when we see history lost – but it’s also in our nature to rebuild for tomorrow, as strong as we can. https://t.co/SpMEvv1BzB""",Tweet,Twitter for iPhone,105952,591011,"""813286""","""Barack Obama""",barackobama,Verified,https://twitter.com/barackobama,Not Protected
"""1117498965417656321""",https://twitter.com/barackobama/status/1117498965417656321,14/04/2019 18:44,"""Congratulations, Tiger! To come back and win the Masters after all the highs and lows is a testament to excellence, grit, and determination.""",Tweet,Twitter Web Client,54058,477502,"""813286""","""Barack Obama""",barackobama,Verified,https://twitter.com/barackobama,Not Protected
"""1116840506506514433""",https://twitter.com/barackobama/status/1116840506506514433,12/04/2019 23:08,"""Another good story worth sharing: From one ""kid from Akron"" to a new generation of Akron kids, some remarkable early achievements at @IPROMISESchool. Great work, @KingJames—and even better work by those students. Proud to be a witness to their success: https://t.co/ctWfKnA5GL""",Tweet,Twitter Web Client,15917,87114,"""813286""","""Barack Obama""",barackobama,Verified,https://twitter.com/barackobama,Not Protected
"""1116130925396602880""",https://twitter.com/barackobama/status/1116130925396602880,11/04/2019 00:08,"""From a big NBA fan, congrats to future Hall of Famers Dwyane Wade and Dirk Nowitzki—not just all-time greats but class acts, too.""",Tweet,Twitter for iPhone,21225,185392,"""813286""","""Barack Obama""",barackobama,Verified,https://twitter.com/barackobama,Not Protected
"""1114517185483898880""",https://twitter.com/barackobama/status/1114517185483898880,06/04/2019 13:16,"""In just a few minutes, I’m taking the stage at the @ObamaFoundation Town Hall Europe for a conversation about how to best support civic leaders carrying out good work across the continent. I hope you’ll tune in live at https://t.co/swMRHuB5Y4. https://t.co/Ds4I8wFFM1""",Tweet,Twitter for iPhone,5140,37661,"""813286""","""Barack Obama""",barackobama,Verified,https://twitter.com/barackobama,Not Protected
"""1114202323767701504""",https://twitter.com/barackobama/status/1114202323767701504,05/04/2019 16:25,"""A voice everybody should hear. https://t.co/0u7HUlQ8id""",Tweet,Twitter for iPhone,27298,133671,"""813286""","""Barack Obama""",barackobama,Verified,https://twitter.com/barackobama,Not Protected
"""1113884881807990789""",https://twitter.com/barackobama/status/1113884881807990789,04/04/2019 19:23,"""Here’s a story about people doing good that's worth sharing: @BradPaisley and his wife @Kimwilliamspais saw food insecurity in Nashville and decided to do something about it. They just broke ground on a free grocery store to help families in need: https://t.co/o6pcAApZsm""",Tweet,Twitter for iPhone,15163,79040,"""813286""","""Barack Obama""",barackobama,Verified,https://twitter.com/barackobama,Not Protected
"""1113518349483421696""",https://twitter.com/barackobama/status/1113518349483421696,03/04/2019 19:07,"""Great to see Chicago’s historic mayoral race between two highly qualified candidates. Congrats to our next mayor, Lori Lightfoot—and Toni Preckwinkle campaigned hard and did us proud. I know that with our city’s heart and Lori’s leadership, Chicago’s best days are still ahead.""",Tweet,Twitter for iPhone,8620,96847,"""813286""","""Barack Obama""",barackobama,Verified,https://twitter.com/barackobama,Not Protected
"""1113065751748009984""",https://twitter.com/barackobama/status/1113065751748009984,02/04/2019 13:08,"""Valerie is one of my oldest friends and advisors – she was by my side when I first decided to run for office and for every major moment of the presidency. @ValerieJarrett's voice has often inspired me and I know “Finding My Voice” will inspire others to lift their voices, too. https://t.co/nWTBDByMoz""",Tweet,Twitter for iPhone,6689,66670,"""813286""","""Barack Obama""",barackobama,Verified,https://twitter.com/barackobama,Not Protected
"""1110610860513349633""",https://twitter.com/barackobama/status/1110610860513349633,26/03/2019 18:33,"""Last night I had the chance to meet with first-term Democrats in Congress—it's a young, diverse class, stocked with a bunch of my campaign and administration alums who’ve taken the torch. This group is going to be driving progress for a long time to come. https://t.co/W5dDlDtNzE""",Tweet,Twitter for iPhone,13806,116689,"""813286""","""Barack Obama""",barackobama,Verified,https://twitter.com/barackobama,Not Protected
"""1108756096733331456""",https://twitter.com/barackobama/status/1108756096733331456,21/03/2019 15:43,"""Just in the nick of time: My brackets have never been my one shining moment, but here we go again. You can check out my #MarchMadness picks here: https://t.co/c3bjNrIo4w https://t.co/EcCUdnZjun""",Tweet,Twitter for iPhone,8000,58225,"""813286""","""Barack Obama""",barackobama,Verified,https://twitter.com/barackobama,Not Protected
"""1108372768796626945""",https://twitter.com/barackobama/status/1108372768796626945,20/03/2019 14:20,"""And here are some ways to help cyclone victims in Mozambique, Malawi, and Zimbabwe: https://t.co/if8HZBtWBH""",Reply,Twitter for iPhone,8090,36902,"""813286""","""Barack Obama""",barackobama,Verified,https://twitter.com/barackobama,Not Protected
"""1108372617562648576""",https://twitter.com/barackobama/status/1108372617562648576,20/03/2019 14:19,"""The floods in the Midwest and in southern Africa are heartbreaking. Suffering and loss on two sides of the world calls for solidarity and strength from all of us. Ask what you can do to help our fellow Americans and families in need. Here are some ideas: https://t.co/jWJlKABqAb""",Tweet,Twitter for iPhone,17954,85006,"""813286""","""Barack Obama""",barackobama,Verified,https://twitter.com/barackobama,Not Protected
"""1107279541741998081""",https://twitter.com/barackobama/status/1107279541741998081,17/03/2019 13:56,"""In 2011, I visited the tiny town of Moneygall and got to walk around in the house where my great-great-great grandfather Falmouth Kearney lived his early life. I'll always be grateful for the warmth and generosity of the Irish people. Happy St. Patrick's Day! -Barack O’Bama https://t.co/abDtarFbR5""",Tweet,Twitter for iPhone,22626,239789,"""813286""","""Barack Obama""",barackobama,Verified,https://twitter.com/barackobama,Not Protected
"""1106544510555824128""",https://twitter.com/barackobama/status/1106544510555824128,15/03/2019 13:15,"""Michelle and I send our condolences to the people of New Zealand. We grieve with you and the Muslim community. All of us must stand against hatred in all its forms.""",Tweet,Twitter for iPhone,104524,647158,"""813286""","""Barack Obama""",barackobama,Verified,https://twitter.com/barackobama,Not Protected
"""1106293084168601600""",https://twitter.com/barackobama/status/1106293084168601600,14/03/2019 20:36,""".@MichelleObama and I are rooting hard for Team USA as the Special Olympics World Games get underway this week. Our Special Olympians are terrific examples of America’s heart and drive.""",Tweet,Twitter for iPhone,13082,146434,"""813286""","""Barack Obama""",barackobama,Verified,https://twitter.com/barackobama,Not Protected
"""1105541040575008768""",https://twitter.com/barackobama/status/1105541040575008768,12/03/2019 18:48,"""What a great moment. Happy 110th, Virginia. https://t.co/FuNZV3RRV4""",Tweet,Twitter for iPhone,21071,247118,"""813286""","""Barack Obama""",barackobama,Verified,https://twitter.com/barackobama,Not Protected
"""1104910353232789505""",https://twitter.com/barackobama/status/1104910353232789505,11/03/2019 01:02,"""Michelle and I send our deepest sympathies to all who knew the victims of today’s plane crash in Ethiopia.""",Tweet,Twitter for iPhone,33323,361164,"""813286""","""Barack Obama""",barackobama,Verified,https://twitter.com/barackobama,Not Protected
"""1104049983760805889""",https://twitter.com/barackobama/status/1104049983760805889,08/03/2019 16:03,"""The Crew Dragon’s been on quite a ride since I last saw it—congrats to @NASA and @SpaceX on a successful return! We invested in the @Commercial_Crew program to strengthen the U.S. space program for the long haul, and it’s great to see that happening. https://t.co/Dsu5mZcaCZ""",Tweet,Twitter for iPhone,10412,127710,"""813286""","""Barack Obama""",barackobama,Verified,https://twitter.com/barackobama,Not Protected
"""1104012516307451905""",https://twitter.com/barackobama/status/1104012516307451905,08/03/2019 13:34,"""Preethi, Alice, and Sefora are just three of many @ObamaFoundation leaders who remind us what International Women’s Day is all about: imagining a world free of artificial ceilings for the next generation—and doing the hard work to get us there.""",Reply,Twitter for iPhone,3649,39698,"""813286""","""Barack Obama""",barackobama,Verified,https://twitter.com/barackobama,Not Protected
"""1104011854437863424""",https://twitter.com/barackobama/status/1104011854437863424,08/03/2019 13:31,"""And @SeforaKodjo is helping the next generation of women leaders in Africa rise up. Her organization is training and mentoring young women across the continent to adopt a new model of leadership, one that puts gender equality at the heart of economic development. https://t.co/cRb4EKcrvv""",Reply,Twitter for iPhone,3832,39106,"""813286""","""Barack Obama""",barackobama,Verified,https://twitter.com/barackobama,Not Protected
"""1104011700724994049""",https://twitter.com/barackobama/status/1104011700724994049,08/03/2019 13:31,""".@BarbeAlice is helping refugees resettle into welcoming communities in France, offering them job training and language immersion, as well as a place to stay. More importantly, she’s fighting a narrative that suggests our differences are more important than our shared humanity. https://t.co/jNIiKIAZaO""",Reply,Twitter for iPhone,2768,24392,"""813286""","""Barack Obama""",barackobama,Verified,https://twitter.com/barackobama,Not Protected
"""1104011515227713538""",https://twitter.com/barackobama/status/1104011515227713538,08/03/2019 13:30,""".@preethiherman is helping women unleash their power to change their societies. As head of the https://t.co/3RwHe5Razz Foundation, she’s leading an initiative that combines online tools with in-person organizing, giving women a voice in her native India—and beyond. https://t.co/TKuAKVL5Y1""",Reply,Twitter for iPhone,3013,25917,"""813286""","""Barack Obama""",barackobama,Verified,https://twitter.com/barackobama,Not Protected
"""1104011361099624448""",https://twitter.com/barackobama/status/1104011361099624448,08/03/2019 13:29,"""On International Women’s Day, I’m reflecting on the future we all want for our daughters: one where they can live out their aspirations without limits. And I’m celebrating some of the women who are building that future for all of us today.""",Tweet,Twitter for iPhone,103048,485615,"""813286""","""Barack Obama""",barackobama,Verified,https://twitter.com/barackobama,Not Protected
"""1098659030204116992""",https://twitter.com/barackobama/status/1098659030204116992,21/02/2019 19:01,"""It’s up to all of us as citizens to make sure that the rules of democracy are fair—everywhere—because the next decade of our nation's progress is on the line. Join me and @allontheline in the fight against gerrymandering: https://t.co/d7TYE8u0CD. https://t.co/rKchS3ltLI""",Tweet,Twitter Media Studio,20402,96389,"""813286""","""Barack Obama""",barackobama,Verified,https://twitter.com/barackobama,Not Protected
"""1098442623239573505""",https://twitter.com/barackobama/status/1098442623239573505,21/02/2019 04:41,"""Zion Williamson seems like an outstanding young man as well as an outstanding basketball player. Wishing him a speedy recovery.""",Tweet,Twitter for iPhone,31053,304281,"""813286""","""Barack Obama""",barackobama,Verified,https://twitter.com/barackobama,Not Protected
"""1098009940436885506""",https://twitter.com/barackobama/status/1098009940436885506,20/02/2019 00:02,"""I’m about to join @StephenCurry30 on stage with @MBK_Alliance to answer questions from boys and young men of color about the challenges that confront them and the opportunities within their grasp. Tune in at https://t.co/swMRHuB5Y4.""",Tweet,Twitter for iPhone,10607,104078,"""813286""","""Barack Obama""",barackobama,Verified,https://twitter.com/barackobama,Not Protected
"""1097585568953688064""",https://twitter.com/obamafoundation/status/1097585568953688064,18/02/2019 19:56,"""Ahead of #MBKRising and in honor of Black History Month, @BarackObama shared a nonfiction reading list that can help to provide some essential context about the challenges that many people of color face every day. Take a look, then tune in tomorrow: https://t.co/kHMnQPh1NC""",Retweet,Twitter Web Client,4975,25185,"""2293315159""","""The Obama Foundation""",obamafoundation,Verified,https://twitter.com/obamafoundation,Not Protected
"""1096871952512368642""",https://twitter.com/barackobama/status/1096871952512368642,16/02/2019 20:40,"""I’ve always loved basketball because it’s about building a team that’s equal to more than the sum of its parts. Glad to see this expansion into Africa because for a rising continent, this can be about a lot more than what happens on the court. https://t.co/lghcLaUN9a""",Tweet,Twitter for iPhone,22276,156690,"""813286""","""Barack Obama""",barackobama,Verified,https://twitter.com/barackobama,Not Protected
"""1096114852941234176""",https://twitter.com/barackobama/status/1096114852941234176,14/02/2019 18:32,"""Happy Valentine’s Day to the extraordinarily smart, beautiful, funny, one and only @MichelleObama. It’s true; she does get down to Motown. https://t.co/uypbZsEiqB""",Tweet,Twitter for iPhone,36649,411796,"""813286""","""Barack Obama""",barackobama,Verified,https://twitter.com/barackobama,Not Protected
"""1096066230442749952""",https://twitter.com/barackobama/status/1096066230442749952,14/02/2019 15:18,"""In the year since their friends were killed, the students of Parkland refused to settle for the way things are and marched, organized, and pushed for the way things should be - helping pass meaningful new gun violence laws in states across the country. I'm proud of all of them.""",Tweet,Twitter for iPhone,71537,472572,"""813286""","""Barack Obama""",barackobama,Verified,https://twitter.com/barackobama,Not Protected
"""1095882980839616512""",https://twitter.com/barackobama/status/1095882980839616512,14/02/2019 03:10,"""Don’t be sad it’s over, be proud it taught us so much. Congrats to all the men and women of @NASA on a @MarsRovers mission that beat all expectations, inspired a new generation of Americans, and demands we keep investing in science that pushes the boundaries of human knowledge.""",Tweet,Twitter Web Client,34014,291283,"""813286""","""Barack Obama""",barackobama,Verified,https://twitter.com/barackobama,Not Protected
"""1095492333481705472""",https://twitter.com/barackobama/status/1095492333481705472,13/02/2019 01:18,"""Happy 85th birthday to @RealBillRussell - the greatest champion in American sports, and a lifelong warrior for justice.""",Tweet,Twitter for iPhone,11783,125425,"""813286""","""Barack Obama""",barackobama,Verified,https://twitter.com/barackobama,Not Protected
"""1094774438959050752""",https://twitter.com/michelleobama/status/1094774438959050752,11/02/2019 01:45,"""A big part of friendship is showing up for your girls—that’s why I was thrilled to be there for the one and only @aliciakeys at the #GRAMMYs. She is one of the most genuine and thoughtful people I know—there’s no one better to help us all celebrate the unifying power of music! https://t.co/8cMhTmsClA""",Retweet,Twitter for iPhone,37770,283323,"""409486555""","""Michelle Obama""",michelleobama,Verified,https://twitter.com/michelleobama,Not Protected
"""1093722143513346048""",https://twitter.com/barackobama/status/1093722143513346048,08/02/2019 04:04,"""My statement on the passing of former Congressman John Dingell: https://t.co/gjBYHHImzB""",Tweet,Twitter for iPhone,9859,63255,"""813286""","""Barack Obama""",barackobama,Verified,https://twitter.com/barackobama,Not Protected
"""1093721973824339968""",https://twitter.com/barackobama/status/1093721973824339968,08/02/2019 04:03,"""We lost two great Americans today – Frank Robinson and John Dingell – citizens who inspired me and so many others by leading on the civil rights issues of our time, opening doors to others, and leaving it all on the field.""",Tweet,Twitter for iPhone,27790,235591,"""813286""","""Barack Obama""",barackobama,Verified,https://twitter.com/barackobama,Not Protected
"""1091367581964034048""",https://twitter.com/barackobama/status/1091367581964034048,01/02/2019 16:08,"""As we celebrate Black History Month and Jackie Robinson’s 100th birthday, we celebrate the life of all whose courage opened the gates for everybody, and in the process, made America better. https://t.co/Fl9aDxqcGi""",Tweet,Twitter for iPhone,38635,244252,"""813286""","""Barack Obama""",barackobama,Verified,https://twitter.com/barackobama,Not Protected